22740,5.214708,0.038732,5.889719,0.114779,6.882114,0.501648,7.058302,0.295526,7.481802,0.006949
22710,5.161943,0.029195,5.972123,0.032456,6.685870,0.584740,6.801446,0.259014,7.545528,0.146483
22690,4.934321,0.044437,5.748724,0.123671,6.564071,0.093884,6.736492,0.465896,6.794172,0.264484
22700,5.194116,0.026961,5.884518,0.127180,6.812248,0.433386,6.862444,0.453308,7.567728,0.007813
22720,5.073482,0.034726,5.679503,0.176100,6.725179,0.085611,6.792514,0.283614,6.931067,0.474813
22730,5.133857,0.035531,5.910292,0.090634,6.767940,0.545129,6.887050,0.283006,7.032476,0.015556
22750,4.936539,0.028142,5.602708,0.138432,6.576455,0.364842,6.624147,0.395497,7.337791,0.021140
22760,5.065991,0.036983,5.735691,0.173123,6.783615,0.452845,6.932843,0.463627,7.117590,0.006129
22770,5.131441,0.032740,5.964072,0.086953,6.773478,0.616490,6.889977,0.289249,7.780067,0.045502
22780,4.966755,0.040440,5.614902,0.176161,6.781250,0.337450,6.827503,0.514546,7.342577,0.004350
22790,4.804228,0.046414,5.578231,0.167496,6.629663,0.420495,6.716447,0.333149,7.202609,0.005413
22800,5.053311,0.049474,5.803678,0.165424,6.895763,0.471054,7.063920,0.210185,7.122490,0.163226
22810,5.096318,0.034839,5.874357,0.101034,6.754482,0.565129,6.871452,0.293773,7.131891,0.032472
22820,5.062528,0.032006,5.797054,0.118304,6.549521,0.123707,6.762795,0.488245,6.876737,0.306086
22830,5.175635,0.027886,5.898312,0.097588,6.716915,0.552147,6.830471,0.311836,7.012950,0.018774
22840,5.249594,0.036187,6.034294,0.100484,6.963641,0.599896,7.081650,0.358401,7.248187,0.039111
22850,4.914066,0.039902,5.740781,0.133678,6.575886,0.459226,6.742843,0.268527,6.796988,0.061456
22860,4.937941,0.040174,5.655627,0.188683,6.711608,0.259710,6.813653,0.264567,6.908608,0.311852
22870,5.048464,0.035911,5.786467,0.121559,6.698899,0.563502,6.774401,0.264701,7.603591,0.020877
22880,5.031317,0.034474,5.764446,0.150511,6.676156,0.534933,6.846709,0.316181,6.980313,0.025019
22890,4.888534,0.046081,5.679713,0.195639,6.161656,0.005819,6.753176,0.536777,6.839915,0.230441
22900,4.876954,0.047499,5.751533,0.162526,6.699023,0.288090,6.828879,0.242980,6.917601,0.242661
22910,5.042340,0.043309,5.845675,0.135044,6.893412,0.571242,7.007468,0.333841,7.618076,0.010554
22920,5.084672,0.039615,5.908101,0.144466,6.780972,0.069194,6.948509,0.532873,6.992805,0.279365
22930,5.001153,0.051061,5.746196,0.115950,6.016061,0.021408,6.828840,0.597236,6.933776,0.285537
22940,5.133845,0.033507,5.898012,0.100624,6.771386,0.478841,6.909958,0.155277,6.962162,0.297914
22950,5.116121,0.036336,5.834176,0.138309,6.832278,0.582688,6.991909,0.309459,7.320558,0.006740
22960,4.936498,0.043495,5.771240,0.164711,6.701827,0.089037,6.881412,0.515447,6.937876,0.271292
22970,4.928583,0.048562,5.698265,0.196898,6.482465,0.009422,6.891683,0.505305,6.969358,0.262548
22980,4.951517,0.038889,5.722026,0.152422,6.728998,0.471358,6.838391,0.329778,7.190510,0.020876
22990,5.062220,0.031843,5.734365,0.144200,6.744009,0.320559,6.808431,0.537965,7.532194,0.016964
23000,5.226814,0.034656,5.990995,0.133395,6.599716,0.013084,6.947338,0.562488,7.006785,0.343159
23010,5.044221,0.043366,5.751450,0.127919,6.440061,0.009718,6.720864,0.562045,6.880921,0.324897
23020,5.075295,0.033930,5.793587,0.139619,6.456114,0.004981,6.823438,0.533131,6.900253,0.351134
23030,5.131961,0.040795,5.969531,0.077597,6.858538,0.564862,6.900952,0.079523,7.083279,0.313716
23040,5.169261,0.034083,5.861095,0.157035,6.776758,0.024304,6.942646,0.519557,6.994512,0.378933
23050,5.014650,0.035275,5.663746,0.178892,6.557767,0.028794,6.762557,0.229470,6.835168,0.488059
23060,5.002316,0.032569,5.723910,0.133174,6.393555,0.035743,6.689992,0.487394,6.758987,0.310500
23070,5.296586,0.026605,5.956039,0.148894,6.989571,0.357982,7.050589,0.544568,7.461258,0.007706
23080,5.017839,0.035374,5.854680,0.092331,6.737871,0.645296,6.882081,0.304306,7.334553,0.005495
23090,4.898099,0.045964,5.598238,0.184174,6.175635,0.005418,6.800742,0.283485,6.876372,0.505575
23100,5.016331,0.042030,5.743416,0.144835,6.031844,0.013732,6.854976,0.533940,6.959952,0.238931
23110,5.081625,0.033424,5.787311,0.149248,6.830444,0.492670,6.948581,0.416857,7.055499,0.027588
23120,5.147653,0.032119,5.927675,0.076369,6.799947,0.646133,6.916459,0.318297,7.443608,0.006257
23130,5.138770,0.033505,5.748515,0.189989,6.682657,0.042163,6.884740,0.284502,6.969351,0.453543
23140,5.051331,0.028624,5.815639,0.066770,6.457905,0.202539,6.705224,0.430671,6.785968,0.232791
23150,5.303159,0.023278,5.900040,0.156554,6.956771,0.294083,6.998395,0.286040,7.127387,0.328593
23160,5.167969,0.033016,6.007812,0.026621,6.764170,0.655290,7.003637,0.354005,7.151286,0.025471
23170,5.155530,0.037646,5.793246,0.196354,6.578915,0.009834,6.951948,0.317505,7.034572,0.500246
23180,4.939866,0.038924,5.781462,0.097832,6.349152,0.036472,6.721522,0.589550,6.842415,0.298006
23190,5.206940,0.034183,5.854654,0.173896,6.637541,0.024434,6.933687,0.353593,7.076423,0.526558
23200,5.192477,0.027152,6.007499,0.034045,6.729690,0.639714,6.925490,0.290728,7.412623,0.007708
23210,4.892950,0.051215,5.535126,0.224146,6.626025,0.048800,6.814736,0.321073,6.946406,0.411607
23220,4.873348,0.044537,5.698879,0.166550,6.158417,0.005980,6.751889,0.514576,6.882554,0.228648
23230,4.955769,0.043125,5.609511,0.241065,6.324330,0.005346,6.854525,0.239460,6.987664,0.504941
23240,4.990982,0.029362,5.814393,0.073164,6.633508,0.628568,6.766321,0.283326,7.522344,0.007936
23250,5.083522,0.037276,5.658639,0.210272,6.772955,0.165748,6.888981,0.256641,7.023514,0.391843
23260,4.975288,0.042504,5.782124,0.124989,6.482870,0.135406,6.795698,0.511079,6.931987,0.257703
23270,5.205168,0.035199,5.793586,0.212015,6.955839,0.303797,7.109912,0.511410,7.336007,0.067667
23280,5.026430,0.037210,5.903784,0.046424,6.657310,0.618909,6.888426,0.302238,7.358717,0.014425
23290,5.049194,0.042806,5.699407,0.188164,6.617307,0.009080,6.931969,0.337846,7.001339,0.546505
23300,5.124379,0.036289,5.957138,0.076810,6.793012,0.596921,6.944986,0.316655,7.216971,0.022427
23310,5.076830,0.043081,5.841042,0.142186,6.875751,0.488904,6.960821,0.432790,7.324813,0.018867
23320,5.044927,0.039073,5.859462,0.126443,6.707599,0.394067,6.884039,0.177682,6.914233,0.278173
23330,5.021999,0.038025,5.653237,0.190037,6.769321,0.373810,6.847705,0.287591,6.951893,0.187429
23340,5.022000,0.039153,5.899775,0.078726,6.664622,0.623378,6.886719,0.243295,7.070519,0.048174
23350,5.067976,0.045612,5.728305,0.231904,6.911532,0.120838,6.980548,0.271195,7.132077,0.440740
23360,4.935073,0.034310,5.751456,0.073777,6.576521,0.603902,6.767531,0.270486,7.680977,0.011585
23370,5.238118,0.032262,5.908305,0.135439,6.967905,0.488922,7.018021,0.404514,7.715868,0.050393
23380,5.053053,0.046669,5.970146,0.094839,6.809556,0.632664,7.052223,0.273949,7.249800,0.023212
23390,5.003296,0.047993,5.792490,0.180397,6.906062,0.424761,6.967663,0.228403,7.010744,0.202460
23400,5.003616,0.042726,5.843762,0.130390,6.816554,0.558911,6.950439,0.305009,7.374303,0.002289
23420,5.067514,0.044893,5.888826,0.147299,6.904756,0.549533,7.080926,0.286767,7.444861,0.017169
23410,4.953659,0.047520,5.812264,0.119394,6.792516,0.583452,6.971434,0.300153,7.447601,0.004244
23430,4.998114,0.046928,5.808636,0.154702,6.874713,0.515361,6.967653,0.340740,7.600116,0.005645
23440,5.097582,0.039489,5.880778,0.103685,6.815021,0.612607,6.927014,0.311106,7.618702,0.012152
23450,5.155737,0.034148,5.866072,0.153139,6.891087,0.427768,6.969092,0.447830,7.780758,0.006807
23460,4.979524,0.041103,5.815669,0.141402,6.791555,0.574275,6.884107,0.363337,7.202931,0.007972
23470,4.971258,0.045802,5.805369,0.183127,6.928266,0.278136,7.003007,0.232982,7.022712,0.297291
23480,4.841163,0.054680,5.679879,0.179489,6.797932,0.457956,7.005094,0.022559,7.037333,0.330128
23490,5.005039,0.039152,5.767763,0.141932,6.822499,0.567682,6.902795,0.325614,7.269210,0.002423
23500,5.195762,0.036680,5.943573,0.145766,6.969484,0.510790,7.067171,0.377990,7.661303,0.001961
23510,5.042178,0.040704,5.883090,0.125675,6.821536,0.637585,6.927811,0.288705,7.783084,0.025572
23520,4.960114,0.039061,5.698394,0.161520,6.718968,0.421013,6.849080,0.420737,7.721165,0.010106
23530,5.059472,0.039146,5.733223,0.164811,6.812191,0.322333,6.897644,0.510523,7.628654,0.009508
23540,5.012659,0.051565,5.795316,0.180851,6.932883,0.467168,7.012159,0.316643,7.308771,0.021278
23550,4.799029,0.050386,5.651833,0.202865,6.835605,0.510430,6.904005,0.210425,7.072578,0.030015
23560,4.760251,0.054110,5.612762,0.172383,6.700276,0.523030,6.848176,0.285403,6.963860,0.032289
23570,5.198211,0.034777,5.955518,0.118992,6.921954,0.608174,6.983502,0.299339,7.319113,0.007800
23580,5.101757,0.042707,5.814928,0.166720,6.905007,0.435985,7.031184,0.377287,7.123020,0.057386
23590,4.913101,0.045358,5.715989,0.130372,6.679236,0.526461,6.779294,0.253822,6.868063,0.031002
23600,5.182652,0.038088,5.836190,0.173573,6.977649,0.311366,7.059209,0.462133,7.200493,0.028168
23610,5.048751,0.041657,5.851874,0.134686,6.824421,0.589476,6.939950,0.320848,7.256323,0.003495
23620,4.954712,0.039579,5.680789,0.186118,6.749922,0.337302,6.806758,0.116791,6.934855,0.419756
23630,4.985501,0.042744,5.773466,0.168204,6.529660,0.054027,6.841504,0.545194,6.899904,0.262478
23640,5.098304,0.037566,5.760729,0.191613,6.825717,0.263456,6.899802,0.198594,7.004291,0.425783
23650,5.064716,0.034972,5.839780,0.153416,6.631552,0.069849,6.857997,0.426170,6.871875,0.325991
23660,5.000155,0.047333,5.699624,0.223907,6.333809,0.008211,6.949368,0.288256,7.001171,0.559383
23670,5.096918,0.039026,5.940725,0.119707,6.826696,0.457056,6.942266,0.180898,6.994212,0.266329
23680,5.153666,0.031278,5.840221,0.161346,6.899350,0.378389,6.958218,0.278497,7.041887,0.279677
23690,5.033658,0.033372,5.803053,0.124083,6.578435,0.040492,6.769180,0.585408,6.827388,0.312539
23700,5.251197,0.033207,5.814161,0.202941,6.626188,0.009727,7.009927,0.343570,7.156649,0.481794
23710,5.060602,0.031341,5.890614,0.070840,6.700383,0.652436,6.831349,0.294630,7.253029,0.007368
23720,5.142537,0.034349,5.763741,0.187417,6.946049,0.412627,7.076258,0.517734,7.333482,0.009042
23730,5.045000,0.035138,5.896628,0.131115,6.806533,0.584842,6.902333,0.214814,7.021678,0.029013
23740,4.835997,0.049923,5.625918,0.203123,6.702525,0.009485,6.865116,0.504382,6.881540,0.381982
23750,5.210318,0.026043,5.937005,0.134062,6.888405,0.329276,6.924353,0.495064,7.060344,0.015986
23760,5.217225,0.030588,5.872878,0.143372,6.939595,0.386042,6.951882,0.543589,7.181796,0.012537
23770,5.107010,0.032128,5.866646,0.099342,6.739715,0.508096,6.860585,0.390910,7.181803,0.009349
23780,5.209857,0.032631,5.822297,0.175620,6.914366,0.198959,6.995956,0.211302,7.095982,0.477498
23790,5.127047,0.030666,6.001206,0.016859,6.760257,0.733951,6.947606,0.224705,6.982807,0.117958
23800,5.292078,0.030671,5.796692,0.216963,6.559044,0.004339,7.050037,0.346721,7.268197,0.550131
23810,4.899171,0.045548,5.885891,0.042434,6.522614,0.045603,6.667466,0.646111,6.924488,0.267699
23820,5.194544,0.037548,5.859656,0.183522,6.894522,0.047481,6.996164,0.282264,7.026640,0.549138
23830,5.393628,0.017152,6.105778,0.078520,6.960487,0.563859,6.988805,0.403607,7.828561,0.063970
23840,4.909903,0.038461,5.612469,0.149562,6.691678,0.537982,6.804839,0.355657,7.529173,0.005701
23850,4.941378,0.045054,5.707357,0.205832,6.920418,0.450348,6.979163,0.226912,7.210586,0.006902
23860,4.996319,0.051652,5.816490,0.191067,7.018684,0.567909,7.070459,0.308900,7.103245,0.028660
23870,5.084385,0.032089,5.963390,0.042851,6.718374,0.686158,6.879553,0.278044,7.624558,0.003881
23880,5.102386,0.033076,5.557588,0.256990,6.849114,0.293436,7.102338,0.428941,7.177962,0.086828
23890,4.777895,0.044841,5.756798,0.041199,6.481837,0.689138,6.813294,0.265133,7.095306,0.012951
23900,5.173253,0.040282,5.814648,0.208095,7.022560,0.306334,7.122207,0.168657,7.245626,0.319519
23910,5.028355,0.040486,5.906488,0.096601,6.799472,0.637409,6.987544,0.295895,7.522227,0.005241
23920,5.021802,0.036475,5.700172,0.161441,6.859062,0.503989,6.919424,0.346916,7.405811,0.005308
23930,5.055443,0.033160,5.827924,0.151624,6.659851,0.015502,6.812555,0.577354,6.878324,0.252106
23940,5.067277,0.042195,5.835028,0.191802,6.247441,0.002359,6.956578,0.369423,6.968667,0.580433
23950,5.013482,0.037907,5.924782,0.092825,6.558466,0.019713,6.727121,0.605006,6.888244,0.213460
23960,4.878193,0.042559,5.529055,0.229635,6.640425,0.004855,6.840459,0.304517,6.955891,0.538602
23970,4.861455,0.044531,5.805077,0.130309,6.685562,0.201854,6.753185,0.372437,6.966102,0.214612
23980,5.177380,0.040544,5.841785,0.208175,6.736830,0.014015,7.047204,0.248882,7.142121,0.497776
23990,4.986657,0.034892,5.801480,0.099061,6.687086,0.616763,6.806184,0.294391,7.019021,0.017041
24000,5.232305,0.024849,5.846794,0.168694,6.887141,0.316039,6.999294,0.543411,7.152346,0.012278
24010,5.053074,0.029962,5.869297,0.087685,6.715819,0.631469,6.769386,0.193042,6.873257,0.154325
24020,5.091123,0.039932,5.830757,0.180178,6.146665,0.003425,6.958623,0.373958,7.000130,0.561450
24030,5.115434,0.033019,5.889512,0.151083,6.200313,0.007804,6.942671,0.402059,6.968825,0.445632
24040,4.857751,0.050917,5.615051,0.188581,6.155174,0.006988,6.896049,0.530805,6.982722,0.318200
24050,5.127478,0.030795,5.851528,0.155466,6.480963,0.008098,6.927411,0.282296,6.954063,0.566632
24060,5.138313,0.030511,5.907628,0.091875,6.291430,0.007715,6.815872,0.678898,6.876310,0.322194
24070,5.166984,0.029254,5.858697,0.149655,6.306561,0.013923,6.878900,0.406549,6.911807,0.536679
24080,5.032609,0.031055,5.804666,0.107590,6.258047,0.010183,6.719115,0.592833,6.798154,0.298487
24090,4.980745,0.035471,5.803913,0.106259,6.132177,0.004364,6.753333,0.637095,6.854653,0.328357
24100,5.130584,0.041972,5.829377,0.161351,5.951125,0.039962,7.067748,0.283153,7.117747,0.555184
24110,4.912976,0.046762,5.746331,0.171021,6.139632,0.005666,6.844407,0.545344,6.927610,0.259308
24120,4.848298,0.041356,5.628626,0.157088,6.455900,0.024236,6.696388,0.542554,6.773888,0.289682
24130,5.373228,0.018329,5.959766,0.158588,6.913217,0.328143,7.025529,0.483575,7.125278,0.064794
24140,5.056592,0.029094,5.821067,0.070294,6.653591,0.651764,6.788695,0.284902,6.885974,0.049592
24160,4.778435,0.045572,5.687477,0.178110,6.232854,0.004800,6.735213,0.535428,6.892645,0.217277
24150,4.904033,0.044180,5.584381,0.226228,6.257341,0.006988,6.787329,0.292898,6.907129,0.457296
24180,4.899216,0.037037,5.665059,0.218829,6.815570,0.205363,6.850386,0.196480,6.921047,0.327908
24170,4.733357,0.049415,5.557529,0.205049,6.585137,0.005482,6.778162,0.455896,6.888774,0.340924
24190,4.835524,0.049435,5.615239,0.202816,6.395832,0.018026,6.738893,0.524975,6.872667,0.267982
24200,4.996243,0.035724,5.763397,0.184175,6.741709,0.500956,6.779562,0.199598,7.014860,0.033107
24210,4.919725,0.042794,5.562890,0.206716,6.766937,0.350092,6.886658,0.438035,7.237404,0.018912
24220,4.722484,0.045679,5.624263,0.146114,6.503943,0.457369,6.693468,0.141687,6.744988,0.122096
24230,4.766306,0.056837,5.436904,0.259255,6.151434,0.005772,7.001028,0.222092,7.138755,0.436417
24240,4.565696,0.050178,5.598512,0.130048,6.436730,0.338467,6.533775,0.212395,6.735537,0.205482
24250,4.860465,0.046237,5.586216,0.213991,6.607819,0.006821,6.835936,0.363322,6.901562,0.382476
24260,4.931442,0.039570,5.671424,0.188187,6.698192,0.408126,6.737066,0.277096,6.814383,0.013591
24270,4.818562,0.044127,5.571850,0.163716,6.623538,0.437778,6.714919,0.329372,7.020508,0.006588
24280,5.077551,0.038899,5.783777,0.154527,6.734773,0.247650,6.837626,0.415284,7.338513,0.005799
24290,4.833007,0.056187,5.515939,0.210418,6.904020,0.255726,6.945409,0.448091,7.043036,0.034063
24300,4.869612,0.045352,5.800084,0.133028,6.748964,0.569826,6.853066,0.177985,7.059854,0.011267
24310,4.966099,0.041255,5.599072,0.222704,6.830600,0.315218,6.976481,0.524056,7.309274,0.002213
24330,5.045139,0.039539,5.713291,0.183477,6.819790,0.311218,6.907706,0.424867,7.388798,0.023144
24320,5.051132,0.038422,5.856228,0.132885,6.794765,0.623045,6.900481,0.272251,7.566631,0.017880
24340,4.923716,0.039890,5.716981,0.123608,6.661195,0.517811,6.733692,0.314720,7.612267,0.120017
24350,5.113857,0.039122,5.658769,0.201518,6.814074,0.273386,7.025626,0.381369,7.712973,0.011243
24360,5.020737,0.039389,5.812365,0.124537,6.718031,0.530655,6.824545,0.184674,7.572127,0.157959
24370,5.014892,0.042382,5.565840,0.196330,6.636392,0.312973,6.887374,0.424396,7.537693,0.048337
24380,5.100736,0.032201,5.925653,0.079966,6.726851,0.617511,6.841751,0.250637,7.714210,0.008303
24390,5.062816,0.043160,5.692297,0.243204,6.944102,0.306746,7.091000,0.526471,7.517401,0.004968
24400,4.857601,0.042930,5.712854,0.150567,6.673728,0.484635,6.781925,0.245119,7.509485,0.139937
24420,5.036688,0.040618,5.828195,0.153541,6.799034,0.521904,6.875975,0.237606,7.682191,0.005095
24410,5.060181,0.038207,5.671960,0.186638,6.790166,0.293521,6.924389,0.396916,7.599586,0.127812
24430,5.033508,0.044690,5.673345,0.224824,6.834327,0.225803,7.003860,0.498876,7.586105,0.062899
24440,4.759477,0.049894,5.715154,0.112878,6.563515,0.647248,6.769435,0.238294,7.383324,0.012258
24450,5.023061,0.055494,5.625611,0.279592,6.986256,0.269032,7.064888,0.066023,7.235395,0.419039
24460,4.798728,0.048328,5.789351,0.125836,6.639798,0.573296,6.840361,0.170283,7.283956,0.008628
24470,4.913710,0.054798,5.641446,0.201033,6.889035,0.427175,7.013543,0.332727,7.361505,0.010290
24480,4.987752,0.046351,5.722218,0.207992,6.924115,0.263779,6.956673,0.382248,7.201298,0.023084
24490,4.917554,0.052755,5.736592,0.158473,6.794156,0.560667,6.932453,0.239730,7.178302,0.011101
24500,5.125196,0.035612,5.801760,0.161554,6.789825,0.328434,6.879519,0.426227,7.571723,0.147486
24510,5.078103,0.046259,5.791222,0.164563,6.832499,0.510917,6.962206,0.334537,7.493183,0.001601
24520,4.982975,0.042404,5.697172,0.186473,6.863789,0.511727,6.892684,0.241162,7.222022,0.015785
24530,5.023279,0.047224,5.661756,0.191295,6.840544,0.359099,7.029559,0.374345,7.471520,0.012167
24540,5.101571,0.038094,5.900553,0.112029,6.810414,0.590567,6.924911,0.268000,7.658954,0.040482
24550,5.163373,0.043053,5.839927,0.141762,6.897843,0.564229,7.088848,0.255977,7.697421,0.022461
24560,5.070662,0.034062,5.829606,0.122457,6.763931,0.594257,6.821833,0.267380,7.459061,0.013948
24570,5.086306,0.046344,5.908238,0.086449,6.798835,0.659072,6.999778,0.255105,7.526173,0.048330
24580,5.166862,0.040497,5.845758,0.200997,6.994776,0.313336,7.059619,0.436413,7.251476,0.039418
24590,4.770399,0.058378,5.661310,0.153664,6.686476,0.555617,6.896454,0.249458,7.356240,0.007865
24600,5.051625,0.040839,5.819097,0.166107,6.921281,0.368848,6.925285,0.429040,7.550078,0.007769
24610,5.099657,0.045313,5.884575,0.153071,6.962753,0.574937,7.105190,0.330993,7.502427,0.005989
24620,5.048523,0.042549,5.877713,0.141911,6.847297,0.592321,6.929483,0.252806,7.356735,0.006368
24630,5.096672,0.041864,5.830996,0.114943,6.788182,0.586412,6.967736,0.243005,7.527196,0.079170
24640,5.209857,0.028868,5.890193,0.134016,6.908072,0.517029,6.935756,0.420248,7.682762,0.043035
24650,5.155592,0.038536,5.965282,0.087282,6.872480,0.633615,7.040638,0.287566,7.509633,0.010286
24660,4.951052,0.042747,5.670797,0.189613,6.801807,0.346263,6.876232,0.424832,6.996824,0.011687
24670,5.040041,0.042713,5.768475,0.161270,6.828961,0.409234,6.936808,0.439161,7.313258,0.029201
24680,5.305324,0.026898,6.030866,0.101215,6.978569,0.578616,6.998846,0.357042,7.557069,0.017221
24690,5.089867,0.040930,5.815641,0.155599,6.843690,0.439353,6.944218,0.074089,7.005639,0.389096
24700,5.056338,0.041502,5.830378,0.147826,6.545439,0.009310,6.869721,0.581947,6.921575,0.280416
24710,5.279017,0.032131,6.006819,0.106838,7.011651,0.599474,7.092578,0.067313,7.154714,0.293833
24720,5.129091,0.033750,5.877750,0.135952,6.898773,0.457860,6.933712,0.121731,6.992662,0.366478
24740,5.104370,0.039408,5.920016,0.131662,6.607021,0.015206,6.908424,0.618568,7.014776,0.305704
24730,5.074526,0.038488,5.805109,0.175882,6.315223,0.006056,6.878593,0.389224,6.995039,0.448102
24750,5.299919,0.023533,5.925135,0.166431,6.957215,0.346913,7.063017,0.567467,7.450840,0.009967
24760,5.033195,0.034619,5.861769,0.088683,6.707522,0.638705,6.842391,0.267763,6.880297,0.010812
24770,5.004050,0.048718,5.708222,0.190411,6.141051,0.008256,6.829987,0.476633,7.039608,0.415776
24780,5.140248,0.037381,5.966969,0.111057,6.887303,0.576719,6.977741,0.066619,7.034290,0.273734
24790,5.105791,0.042195,5.841343,0.122797,6.821806,0.486540,6.967369,0.397305,7.314343,0.022828
24800,5.042492,0.035113,5.729563,0.166321,6.597182,0.012935,6.834675,0.295736,6.854656,0.544350
24810,5.175035,0.031490,5.840797,0.165585,6.491417,0.006542,6.890099,0.285080,6.941158,0.547307
24820,5.095031,0.032005,5.862880,0.090798,6.733757,0.586743,6.811667,0.312535,7.397322,0.010351
24830,5.199377,0.027543,5.785783,0.175842,6.859473,0.345104,7.006779,0.519536,7.316218,0.040562
24840,4.968815,0.043209,5.862661,0.108837,6.345832,0.005620,6.796478,0.625097,6.965347,0.273552
24850,4.996366,0.046760,5.697178,0.203438,6.217362,0.003717,6.897626,0.400143,6.992013,0.443915
24860,5.082116,0.032986,5.773246,0.168762,6.776123,0.350335,6.910589,0.503780,7.045704,0.005112
24870,5.106420,0.033167,5.844787,0.120983,6.809534,0.586513,6.860563,0.266537,7.394020,0.012397
24880,4.966815,0.039829,5.625815,0.206112,6.790339,0.212622,6.877451,0.101142,6.939120,0.412068
24890,4.809776,0.052061,5.631366,0.197187,6.123889,0.003959,6.769699,0.559598,6.841711,0.275381
24900,4.953649,0.041514,5.738104,0.205662,6.216045,0.003503,6.901704,0.247434,6.941166,0.585687
24910,5.088598,0.044005,5.751611,0.215381,6.564469,0.006930,7.006916,0.383442,7.087878,0.443819
24920,4.818369,0.040931,5.586502,0.171276,6.573810,0.312358,6.594387,0.076897,6.689837,0.394486
24930,4.982558,0.043079,5.650473,0.198660,6.199009,0.008213,6.749652,0.322356,6.891469,0.354660
24940,5.078383,0.036187,5.692842,0.226806,6.335930,0.009599,6.856635,0.247056,6.997064,0.388112
24950,4.953621,0.039821,5.744012,0.145517,6.473002,0.045115,6.728435,0.518079,6.819552,0.296014
24960,5.216495,0.025836,5.879872,0.146708,6.869005,0.340797,6.933340,0.546554,7.105764,0.018125
24970,5.172118,0.035693,5.915462,0.157810,6.290202,0.007432,6.934621,0.614879,7.000793,0.315699
24980,5.066537,0.037282,5.823069,0.169001,6.013290,0.003008,6.840776,0.530892,6.920794,0.369611
24990,5.021248,0.031534,5.670209,0.209817,5.987611,0.003867,6.768528,0.300636,6.853289,0.544581
25000,5.229882,0.030294,5.954060,0.094120,6.877025,0.007082,6.916348,0.687214,7.062262,0.329316
25010,5.326476,0.024122,6.030580,0.134453,6.977785,0.212550,7.040105,0.564049,7.113612,0.123071
25020,4.923582,0.046019,5.715403,0.185955,6.069453,0.007344,6.793939,0.513405,6.889665,0.362600
25030,4.982894,0.042574,5.800452,0.171905,6.101555,0.006267,6.814940,0.544442,6.902038,0.300944
25040,5.148570,0.036810,5.818259,0.206614,6.238792,0.008952,7.004615,0.337495,7.068039,0.545924
25050,5.103028,0.026615,5.817141,0.121580,6.743134,0.055028,6.808976,0.509900,6.853757,0.398960
25060,5.185195,0.032990,5.927005,0.133203,6.745296,0.009862,6.925291,0.567732,7.018875,0.348861
25070,5.010795,0.050316,5.793725,0.179801,6.301668,0.010762,6.903646,0.517623,7.029198,0.360507
25080,4.961003,0.048477,5.732044,0.191080,6.270412,0.007028,6.891455,0.571557,6.963269,0.292945
25090,5.093836,0.038943,5.853208,0.173070,6.524343,0.004916,6.883896,0.398108,6.959218,0.433628
25100,5.196234,0.028386,5.857908,0.145951,6.890178,0.405216,6.929885,0.081914,6.965833,0.464106
25110,5.192327,0.031502,5.913401,0.132205,6.625581,0.007394,6.921075,0.481403,6.991643,0.406275
25120,4.895158,0.049154,5.639250,0.179452,6.302835,0.004961,6.820364,0.429689,6.867802,0.373989
25130,5.108699,0.046583,5.839840,0.176217,6.698273,0.006659,6.922458,0.492006,6.993896,0.279332
25140,5.135750,0.041325,5.890233,0.156750,6.936947,0.376170,7.022627,0.356013,7.056461,0.148674
25150,4.858057,0.052815,5.687082,0.118251,6.631484,0.579699,6.833579,0.289281,6.962933,0.026376
25160,5.087172,0.040306,5.601772,0.229094,6.601095,0.011837,6.800615,0.180052,7.036265,0.364906
25170,4.926818,0.039781,5.743380,0.128447,6.647273,0.486413,6.674833,0.019169,6.746937,0.152439
25180,4.950349,0.045350,5.517899,0.228403,6.769708,0.258101,6.998951,0.437575,7.310943,0.014060
25190,4.908043,0.046296,5.801045,0.103031,6.694913,0.577998,6.858040,0.205048,7.513250,0.050242
25200,4.983197,0.050796,5.778793,0.197131,6.928882,0.482282,6.959687,0.288757,7.037504,0.017418
25210,4.851285,0.057105,5.728156,0.172055,6.769164,0.013965,6.803461,0.526741,6.995246,0.225734
25220,4.711241,0.051138,5.536952,0.195321,6.685891,0.159557,6.722840,0.463312,6.976905,0.007484
25230,4.947177,0.049338,5.731341,0.144305,6.782308,0.531204,6.930003,0.202861,7.061598,0.019125
25240,5.088980,0.037280,5.741279,0.200344,6.846509,0.285900,6.982403,0.469937,7.253741,0.028140
25250,4.794811,0.050157,5.783160,0.093972,6.610020,0.658245,6.854206,0.244738,7.050165,0.018482
25260,4.974621,0.046698,5.612127,0.259571,6.949262,0.183079,7.025266,0.090156,7.160940,0.456244
25270,4.810202,0.051415,5.747635,0.115704,6.642115,0.616868,6.911985,0.196784,7.031792,0.027225
25280,4.917745,0.042510,5.616678,0.213151,6.790847,0.264921,6.872433,0.035344,6.925608,0.479403
25290,4.903593,0.048125,5.709242,0.167616,6.789336,0.522485,6.944947,0.267731,7.070538,0.008480
25300,5.025722,0.036292,5.735590,0.181236,6.866494,0.417933,6.942672,0.432984,7.444170,0.006027
25310,4.943850,0.032977,5.743057,0.140085,6.683279,0.583541,6.756387,0.255841,7.344518,0.011949
25320,4.959221,0.039935,5.625123,0.214696,6.813664,0.284000,6.875141,0.508078,7.167062,0.008722
25330,5.139453,0.031373,5.939186,0.117149,6.835976,0.606356,6.900678,0.251722,7.433372,0.014641
25340,5.079891,0.031166,5.784877,0.155909,6.878537,0.352712,6.915861,0.577256,7.543056,0.006210
25350,4.981135,0.036612,5.728735,0.154197,6.854059,0.514411,6.870739,0.369098,7.160627,0.010145
25360,4.990105,0.044775,5.862526,0.140707,6.756616,0.004338,6.868524,0.565939,7.045267,0.273331
25370,4.948010,0.040441,5.701355,0.200561,6.674050,0.003813,6.847679,0.354285,6.930680,0.528061
25380,5.098184,0.026944,5.790896,0.113673,6.727099,0.488883,6.788375,0.421039,7.060700,0.016544
25390,5.370294,0.009404,6.004972,0.084330,6.860759,0.357478,6.916817,0.537647,7.623469,0.087136
25400,5.225473,0.019851,5.770680,0.128757,6.728452,0.243424,6.798172,0.374728,7.331394,0.037841
25410,5.182345,0.025056,5.778285,0.119145,6.652234,0.213797,6.760601,0.331634,6.958370,0.091020
25420,5.208308,0.021957,5.795709,0.141848,6.769696,0.279093,6.857571,0.418626,6.954918,0.134638
25430,5.152398,0.030726,5.800083,0.130978,6.570052,0.009274,6.781875,0.485274,6.973546,0.417807
25440,4.924595,0.040517,5.627765,0.136768,6.107878,0.015384,6.711397,0.408431,6.770326,0.466816
25450,4.966783,0.045670,5.650654,0.157404,6.161475,0.022848,6.789764,0.377489,6.924856,0.466336
25460,5.190833,0.037634,5.894934,0.156145,6.568998,0.007462,7.008157,0.385309,7.063585,0.501256
25470,4.943613,0.030887,5.747387,0.082952,6.520343,0.009213,6.624724,0.594116,6.739440,0.306496
25480,5.093611,0.025264,5.567682,0.212284,5.924846,0.009494,6.678030,0.274260,6.896936,0.445436
25490,5.183765,0.027918,5.820007,0.136701,6.196668,0.014210,6.755257,0.378516,6.826768,0.355742
25500,5.108660,0.024620,5.674754,0.177993,6.443091,0.012508,6.688525,0.292563,6.810991,0.504132
25510,5.127187,0.028944,5.761240,0.113743,6.385221,0.008246,6.748091,0.571940,6.856191,0.350232
25520,5.160467,0.029734,5.799480,0.147586,6.192806,0.024698,6.831244,0.453783,6.900382,0.340047
25530,5.008094,0.041364,5.790479,0.135518,6.104413,0.024205,6.847752,0.573790,6.924302,0.338224
25540,5.099344,0.022709,5.644842,0.209686,6.058917,0.010990,6.714555,0.305938,6.903233,0.516848
25550,5.146336,0.017964,5.898995,0.053067,6.065869,0.006749,6.689030,0.667349,6.811476,0.362796
25560,5.425162,0.005138,5.893664,0.167050,6.220341,0.023277,6.883771,0.366595,7.140326,0.574727
25570,5.070778,0.022650,5.707969,0.061083,6.018020,0.011814,6.625976,0.500936,6.666327,0.435478
25580,5.211434,0.022359,5.770046,0.149731,6.138351,0.019338,6.829549,0.328283,6.978808,0.582757
25590,5.204050,0.025613,5.886333,0.121064,6.184017,0.007209,6.884830,0.505288,6.955221,0.397078
25600,5.074190,0.020121,5.706285,0.128538,5.940090,0.017674,6.699456,0.327821,6.786660,0.586156
25610,5.186169,0.016961,5.741817,0.037932,5.916986,0.077037,6.722188,0.301955,6.754977,0.567770
25620,5.268797,0.019221,5.817971,0.180239,6.011241,0.019085,6.875016,0.326411,7.063003,0.589584
25630,4.914451,0.031686,5.676912,0.087742,5.990323,0.006537,6.555906,0.621877,6.690027,0.311268
25640,5.057355,0.030162,5.472732,0.202974,5.990293,0.039794,6.756142,0.278491,7.052672,0.485160
25650,4.981869,0.041156,5.754604,0.066348,6.113035,0.010594,6.715785,0.638886,6.868822,0.243055
25660,5.179902,0.031124,5.765905,0.168539,6.141986,0.012516,6.899763,0.331142,7.050558,0.516257
25670,5.036334,0.023637,5.631404,0.138121,6.370238,0.017365,6.609445,0.348454,6.720794,0.451460
25680,5.022090,0.035113,5.585056,0.181929,6.347175,0.017496,6.684920,0.259576,6.858082,0.451276
25690,5.193893,0.024686,5.867800,0.130619,6.413217,0.014486,6.736989,0.185464,6.818955,0.513124
25700,4.929548,0.046935,5.445117,0.203717,6.314688,0.004169,6.645990,0.307548,6.866020,0.434677
25710,5.045522,0.032702,5.832262,0.093819,6.633249,0.077133,6.751897,0.511171,6.827787,0.225340
25720,5.104515,0.037282,5.691678,0.184409,6.328287,0.010336,6.908178,0.286454,7.028159,0.490191
25730,4.936461,0.035920,5.667842,0.143399,6.399107,0.017413,6.691297,0.372095,6.756294,0.434192
25740,4.940242,0.046273,5.548745,0.201996,6.283989,0.006747,6.795598,0.234725,6.898998,0.398430
25750,4.809093,0.042591,5.685075,0.131142,6.402562,0.018284,6.662282,0.570806,6.762287,0.232275
25760,5.020284,0.042280,5.556214,0.220168,6.549137,0.019094,6.809841,0.145523,6.821377,0.115921
25770,5.073593,0.031550,5.818299,0.098742,6.672180,0.440766,6.712035,0.204799,7.113674,0.087462
25780,5.062478,0.037836,5.617726,0.177288,6.807806,0.263637,6.933220,0.391180,7.231201,0.031471
25800,4.998840,0.037154,5.599883,0.199216,6.758421,0.260903,6.793650,0.047542,6.900871,0.535381
25790,5.020179,0.032828,5.759200,0.108548,6.626968,0.335916,6.760856,0.284775,7.311210,0.007348
25810,5.017142,0.040117,5.848370,0.130798,6.774843,0.426688,6.837022,0.128343,6.895199,0.263708
25820,5.024933,0.042128,5.673352,0.196090,6.543735,0.008202,6.879718,0.331509,7.024115,0.486697
25830,4.836581,0.032277,5.632097,0.083443,6.469683,0.564921,6.597972,0.161909,6.634136,0.158608
25840,5.281639,0.023931,5.680250,0.200753,6.908253,0.330561,7.089068,0.019980,7.220031,0.397633
25850,5.049269,0.036952,5.902026,0.033056,6.629368,0.551800,6.804092,0.212010,7.083619,0.017388
25860,5.131656,0.027958,5.597856,0.189913,6.727695,0.282234,6.941662,0.061562,6.970434,0.334063
25870,5.063120,0.026948,5.772915,0.084826,6.636998,0.572322,6.752471,0.293947,7.242133,0.003842
25880,5.077532,0.035014,5.795023,0.145473,6.827793,0.313316,6.881044,0.577132,6.984548,0.004825
25890,5.137567,0.040007,5.887900,0.136062,6.606330,0.026941,6.894293,0.490235,6.987285,0.340773
25900,4.936405,0.041198,5.636534,0.166202,6.792201,0.049409,6.804976,0.337097,6.871931,0.493957
25910,4.881666,0.043055,5.764971,0.084217,6.630822,0.548023,6.770773,0.013414,6.857284,0.294411
25920,5.085853,0.041431,5.684389,0.209127,6.375307,0.004146,6.936617,0.276340,7.086807,0.455250
25930,4.912925,0.044001,5.806796,0.057690,6.399905,0.002462,6.607774,0.653973,6.770804,0.275809
25940,5.095931,0.035028,5.759828,0.161606,6.649541,0.015483,6.849587,0.328009,6.944440,0.460047
25950,5.011494,0.039508,5.828011,0.078585,6.664120,0.148901,6.695064,0.437010,6.859206,0.298840
25960,4.972142,0.042733,5.691899,0.168522,6.440620,0.004013,6.843345,0.290567,6.880770,0.540394
25970,5.029489,0.038023,5.820128,0.125051,6.651457,0.008457,6.761869,0.531742,6.816447,0.227552
25980,5.050404,0.039739,5.749204,0.146654,6.810443,0.120102,6.848704,0.306662,6.930120,0.398793
25990,5.131640,0.030965,5.885128,0.082287,6.751269,0.561469,6.847168,0.281968,6.914902,0.011739
26000,5.017214,0.037722,5.633559,0.186464,6.537847,0.005382,6.760486,0.330910,6.913232,0.513704
26010,5.111102,0.038543,5.951966,0.075356,6.664457,0.012654,6.769478,0.591247,6.851562,0.212176
26020,5.173169,0.037536,5.815084,0.149527,6.874718,0.314689,6.933440,0.012277,6.983975,0.408655
26030,4.921246,0.036148,5.659291,0.101988,6.604551,0.504415,6.674530,0.255226,7.201012,0.013212
26040,5.123706,0.037852,5.723512,0.165027,6.572380,0.011928,6.836554,0.285821,6.912627,0.350655
26050,5.067525,0.038844,5.868864,0.123616,6.317962,0.016698,6.813893,0.539408,6.880021,0.229688
26060,4.921335,0.039975,5.552175,0.181399,6.480635,0.014260,6.639293,0.347258,6.765463,0.427612
26070,4.926463,0.037051,5.705747,0.114178,6.579868,0.301055,6.651729,0.126131,6.696536,0.251243
26080,5.068337,0.042269,5.705543,0.179916,6.607807,0.011326,6.813933,0.393686,6.880187,0.327230
26090,5.101779,0.038427,5.867656,0.102872,6.789849,0.545417,6.878252,0.004814,6.919186,0.284690
26100,5.059026,0.033015,5.714180,0.148929,6.709286,0.415853,6.812092,0.008026,6.830547,0.387117
26110,5.018103,0.037773,5.720694,0.144131,6.488435,0.007291,6.777910,0.547238,6.935202,0.276527
26120,5.074957,0.034218,5.696832,0.183065,6.287018,0.010776,6.733342,0.360488,6.843118,0.347638
26130,4.980663,0.033121,5.773259,0.067115,6.307762,0.024057,6.617918,0.640517,6.751760,0.281230
26140,5.285923,0.026549,5.715034,0.198330,6.526929,0.026562,6.875786,0.320391,7.084487,0.021588
26150,5.041544,0.033141,5.781451,0.089277,6.427080,0.011045,6.658478,0.583038,6.826544,0.284500
26160,4.950166,0.039861,5.571875,0.183581,6.399338,0.011258,6.683637,0.404708,6.845955,0.369700
26170,5.094181,0.039799,5.808445,0.147377,6.322030,0.009908,6.883323,0.538999,7.100033,0.262697
26180,5.022029,0.042640,5.784689,0.167855,6.249494,0.007721,6.859853,0.497775,6.973408,0.381709
26190,4.947136,0.032898,5.590154,0.154283,6.198435,0.007151,6.668791,0.540566,6.784299,0.335420
26200,5.152596,0.031680,5.817206,0.137510,6.708353,0.148366,6.822314,0.350553,6.943959,0.374520
26210,5.174608,0.028652,5.883999,0.095394,6.496123,0.008913,6.788910,0.651024,6.940945,0.279805
26220,5.039179,0.034359,5.494992,0.191485,6.174353,0.013775,6.651033,0.373669,6.957627,0.385072
26230,5.016849,0.032927,5.752500,0.093968,6.108173,0.007603,6.683092,0.644204,6.860807,0.305723
26240,5.240078,0.030984,5.938141,0.131461,6.527783,0.011909,6.917656,0.530069,7.033563,0.338628
26250,5.113516,0.025613,5.733646,0.156696,6.603882,0.008118,6.795460,0.425963,6.881629,0.508845
26260,5.009466,0.028184,5.740093,0.101361,6.543523,0.034657,6.619413,0.512479,6.750993,0.398776
26270,5.315229,0.022209,5.923262,0.160453,6.547517,0.009168,6.959515,0.415064,7.046230,0.504514
26280,5.029135,0.034009,5.776013,0.126363,6.711940,0.247858,6.804482,0.378949,6.877661,0.332557
26290,4.927339,0.040380,5.697717,0.149402,6.414636,0.008995,6.740565,0.526035,6.841379,0.329259
26300,5.047462,0.046476,5.733728,0.193630,6.213120,0.007321,6.915382,0.458249,7.069068,0.351174
26310,4.920391,0.043321,5.632217,0.198410,6.396013,0.008630,6.829826,0.364815,6.870783,0.478968
26320,4.947402,0.035001,5.729994,0.110932,6.616534,0.552840,6.761558,0.325042,7.092208,0.029316
26330,5.229337,0.025724,5.770582,0.194296,6.883923,0.339235,7.057822,0.477834,7.211129,0.062872
26340,5.027418,0.041258,5.870635,0.116183,6.609573,0.103394,6.805428,0.513826,6.986550,0.282655
26350,4.891378,0.043443,5.568296,0.202144,6.555121,0.012698,6.814669,0.441578,6.927667,0.380291
26360,5.059605,0.039197,5.820655,0.139807,6.793379,0.508611,6.967337,0.294153,7.163192,0.066671
26370,5.260099,0.033288,5.918892,0.154650,6.946628,0.409828,7.038701,0.429148,7.290578,0.047630
26380,4.915545,0.036337,5.685191,0.149330,6.557348,0.192570,6.729191,0.452684,6.798735,0.266618
26390,5.003488,0.047159,5.656641,0.218295,6.519868,0.005321,6.868005,0.402714,7.031317,0.440806
26400,5.080202,0.039584,5.969055,0.087753,6.806800,0.631025,7.022566,0.216982,7.355050,0.047263
26410,4.940011,0.045575,5.605768,0.222504,6.800514,0.042946,6.921989,0.378620,7.067223,0.427974
26420,4.835484,0.043733,5.673297,0.162042,6.417908,0.031499,6.728032,0.550340,6.883224,0.236860
26430,5.039763,0.044138,5.736494,0.188719,6.663363,0.011721,6.927153,0.477083,7.056446,0.402514
26440,5.170064,0.028325,5.894727,0.123965,6.807164,0.488676,6.961141,0.378838,7.269193,0.037260
26450,5.049650,0.032533,5.707234,0.152564,6.726762,0.447615,6.772973,0.266706,6.878844,0.156340
26460,5.044791,0.031897,5.804506,0.124900,6.712348,0.499059,6.807899,0.269606,6.940359,0.081310
26470,5.190990,0.035757,5.830478,0.164226,6.907791,0.388997,7.057317,0.432756,7.290179,0.042927
26480,5.080799,0.030528,5.956365,0.024240,6.713408,0.690129,6.881275,0.301829,7.395724,0.012181
26490,5.073103,0.041222,5.640746,0.210262,6.831726,0.040422,6.872909,0.321390,7.063552,0.466053
26510,5.075816,0.036114,5.776886,0.143000,6.790716,0.316575,6.819189,0.223631,6.890765,0.337207
26500,5.014042,0.035196,5.858172,0.094285,6.721690,0.512031,6.759845,0.077615,6.853909,0.305935
26520,5.150134,0.029785,5.893014,0.133446,6.871212,0.551370,6.921970,0.302465,7.363781,0.008342
26530,5.010878,0.037200,5.759172,0.142762,6.753817,0.523418,6.840892,0.284740,7.287760,0.009440
26540,5.006049,0.036471,5.815565,0.126710,6.774145,0.546246,6.847042,0.227487,7.297701,0.019752
26550,5.099457,0.040860,5.714145,0.199768,6.748187,0.010121,6.930844,0.371771,7.086442,0.448298
26560,5.039718,0.036757,5.911351,0.073051,6.705923,0.413073,6.836089,0.234681,6.945696,0.274050
26570,5.144983,0.033455,5.759418,0.189925,6.914805,0.068170,6.947916,0.335708,7.063501,0.449006
26580,4.981847,0.036076,5.829423,0.085117,6.671213,0.615054,6.806622,0.258446,6.846455,0.067295
26590,5.124032,0.036175,5.831450,0.156796,6.428235,0.002049,6.938766,0.397600,7.016339,0.509155
26600,5.037058,0.034137,5.822892,0.128297,6.544874,0.002152,6.829881,0.593006,6.887526,0.285966
26610,5.002070,0.034922,5.630868,0.187246,6.651197,0.006209,6.838064,0.393892,6.954574,0.480668
26620,4.986595,0.030223,5.792842,0.090636,6.618791,0.584563,6.723801,0.266443,6.934852,0.016050
26630,5.191613,0.028806,5.736954,0.188757,6.846446,0.358066,6.873768,0.010182,7.043895,0.475551
26640,5.025259,0.029224,5.826730,0.055390,6.548563,0.584472,6.692114,0.088373,6.725905,0.181627
26650,5.089176,0.025933,5.644337,0.177572,6.592390,0.012537,6.749544,0.357562,6.910904,0.484710
26660,5.118029,0.024999,5.889412,0.045678,6.661017,0.601573,6.806221,0.320602,6.971063,0.018922
26670,5.291817,0.025092,5.930518,0.136308,6.623879,0.011360,6.989921,0.424601,7.035270,0.474598
26680,4.979193,0.031108,5.690981,0.128507,6.154814,0.009133,6.658679,0.516236,6.729343,0.314912
26690,5.003263,0.033423,5.652735,0.146888,6.411703,0.011518,6.783323,0.488183,6.905568,0.403941
26700,5.118478,0.033064,5.931260,0.073697,6.737756,0.586096,6.850600,0.257450,6.901909,0.004722
26710,5.120969,0.029825,5.715716,0.172494,6.681479,0.009241,6.812754,0.368611,6.920969,0.378447
26720,5.099642,0.030021,5.868835,0.093486,6.663700,0.093416,6.772421,0.481719,6.844716,0.251917
26730,4.934396,0.039440,5.565175,0.187751,6.454449,0.012014,6.789516,0.306385,6.866258,0.417994
26740,4.962716,0.036901,5.671271,0.166591,6.532670,0.023439,6.748128,0.355153,6.807443,0.363073
26750,5.072432,0.035504,5.778052,0.156558,6.613986,0.001573,6.842560,0.450732,6.931802,0.371845
26760,5.027176,0.032087,5.805184,0.126121,6.634928,0.011332,6.744653,0.564416,6.825774,0.301615
26770,4.908305,0.043605,5.582670,0.200812,5.886550,0.002322,6.633325,0.057352,6.756717,0.358067
26780,4.902581,0.034122,5.782241,0.076031,5.962063,0.001426,6.586236,0.582094,6.741811,0.141568
26790,5.123913,0.036487,5.836205,0.157386,6.262583,0.002185,6.953402,0.486025,6.994571,0.198238
26800,5.151794,0.032151,5.889836,0.116984,6.370168,0.001042,6.820837,0.447210,6.963810,0.316322
26810,4.854359,0.038575,5.551802,0.155713,6.280700,0.009477,6.629802,0.439211,6.717550,0.344561
26820,5.204854,0.027001,5.864210,0.136092,6.764270,0.221463,6.825113,0.347388,6.895814,0.142228
26830,5.383610,0.025239,6.011019,0.112750,6.894434,0.161819,6.969347,0.348979,7.009007,0.347394
26840,4.888178,0.033236,5.672495,0.094007,6.453417,0.018624,6.544454,0.575315,6.655841,0.299057
26850,5.014878,0.036866,5.561788,0.209337,6.329066,0.000705,6.834331,0.337340,6.991402,0.122030
26860,5.019099,0.045594,5.976295,0.063668,6.370268,0.000662,6.796062,0.645625,7.060647,0.177367
26870,5.051898,0.042328,5.678672,0.197118,6.139609,0.000855,6.731721,0.010707,6.884920,0.324458
26880,5.033488,0.035938,5.780283,0.118366,6.431088,0.005620,6.781510,0.585742,6.828363,0.338056
26890,5.177218,0.032862,5.883200,0.119386,6.734023,0.009413,6.871037,0.520659,6.987017,0.379674
26900,5.074970,0.043216,5.827502,0.161601,6.524455,0.002899,6.895131,0.538812,6.949019,0.228909
26910,4.900733,0.046431,5.579384,0.200260,6.238738,0.000920,6.741448,0.346820,6.883364,0.245958
26920,4.905784,0.045684,5.774448,0.121859,6.260163,0.002177,6.760737,0.577704,6.942114,0.190205
26930,5.045686,0.042141,5.643914,0.214046,6.465052,0.003679,6.932920,0.279141,7.023173,0.371115
26940,4.878974,0.038886,5.717412,0.111883,6.622480,0.033525,6.644042,0.604294,6.726873,0.257906
26950,5.138110,0.039746,5.848448,0.175491,6.582525,0.002149,6.863127,0.026093,6.983415,0.369095
26960,4.996418,0.045587,5.798378,0.138289,6.597764,0.010871,6.814448,0.533404,6.934517,0.302276
26970,4.898053,0.040456,5.608222,0.166468,6.702442,0.136989,6.806136,0.455442,6.832458,0.241096
26980,5.032757,0.039540,5.840396,0.141417,6.856781,0.480422,6.890214,0.230063,7.008986,0.144155
26990,5.141227,0.045807,5.900983,0.165396,6.638182,0.004836,7.070817,0.610671,7.091365,0.297339
27000,4.995807,0.029383,5.767211,0.085766,6.571128,0.281739,6.676194,0.401171,6.764707,0.197480
27010,4.910835,0.034905,5.564755,0.169526,6.540775,0.064894,6.668935,0.263339,6.717837,0.522811
27020,4.990055,0.046196,5.753133,0.155444,6.569261,0.034991,6.825422,0.385735,6.963697,0.369836
27030,4.815132,0.053739,5.591463,0.179043,6.289151,0.004555,6.816042,0.430636,6.937170,0.313473
27040,4.770393,0.042243,5.439755,0.174232,6.221585,0.002568,6.622601,0.311065,6.725714,0.463021
27050,5.011548,0.040999,5.703692,0.172196,6.478716,0.001880,6.890268,0.403813,6.969414,0.403930
27060,4.942094,0.038919,5.750147,0.156209,6.458741,0.003958,6.802783,0.619829,6.821134,0.235037
27070,4.995655,0.032422,5.581778,0.195343,6.180643,0.005086,6.694868,0.287629,6.779075,0.013811
27080,5.222232,0.019413,5.921535,0.070238,6.742026,0.083131,6.779818,0.590326,6.854355,0.236527
27090,4.969551,0.038262,5.584913,0.136349,6.215584,0.002228,6.766542,0.472634,6.860670,0.233467
27100,4.865109,0.041353,5.550238,0.182126,6.005240,0.000567,6.669626,0.001608,6.745461,0.270454
27110,4.975697,0.041636,5.777141,0.130314,6.187551,0.000573,6.797312,0.514168,6.921011,0.300820
27120,5.106254,0.032069,5.790668,0.154613,6.298899,0.000504,6.837043,0.494333,6.890404,0.384679
27130,5.034504,0.021068,5.641189,0.145328,6.580955,0.056964,6.619457,0.296365,6.697780,0.477780
27140,5.121288,0.018402,5.801848,0.065433,6.560825,0.484633,6.606564,0.271424,7.074033,0.011428
27150,5.288522,0.021679,5.750300,0.190928,6.839362,0.242826,6.952410,0.056693,7.076967,0.407125
27160,4.795972,0.040983,5.592693,0.125829,6.455655,0.012143,6.617612,0.507872,6.745064,0.255154
27170,4.795763,0.042977,5.413744,0.191366,6.332770,0.000850,6.712549,0.304756,6.876769,0.411249
27180,5.127718,0.038443,5.795753,0.165967,6.534904,0.003763,6.900768,0.432007,7.014782,0.379487
27190,5.131490,0.026167,5.807912,0.116724,6.376922,0.008305,6.781265,0.398269,6.850145,0.526877
27200,4.982344,0.028230,5.659629,0.124976,6.327441,0.003062,6.621005,0.392008,6.679033,0.461914
27210,5.129150,0.032428,5.709991,0.180097,6.632330,0.003347,6.845252,0.297623,6.994595,0.488794
27220,5.122912,0.035436,5.923039,0.093449,6.567222,0.005762,6.843062,0.578978,6.957428,0.288106
27230,4.965046,0.042335,5.580667,0.207415,6.033296,0.005445,6.793181,0.129118,6.849039,0.174457
27240,4.904948,0.041488,5.749936,0.122158,6.106209,0.000811,6.714247,0.580931,6.766000,0.023548
27250,5.131413,0.037596,5.834555,0.143820,6.344906,0.000722,6.834714,0.493252,6.905518,0.205152
27270,4.970014,0.034326,5.739343,0.120405,6.460028,0.032513,6.648577,0.495431,6.745847,0.307511
27260,5.103121,0.028028,5.786436,0.154549,6.407552,0.004566,6.758880,0.309589,6.818702,0.604845
27280,5.114249,0.035506,5.791238,0.164833,6.582935,0.008575,6.904930,0.388826,6.970180,0.001415
27290,4.921862,0.041073,5.640732,0.173162,6.292210,0.000888,6.815043,0.308966,6.822296,0.390149
27300,5.096428,0.033703,5.847870,0.136363,6.358940,0.002830,6.866105,0.372599,6.909581,0.301216
27310,5.130435,0.035211,5.842336,0.133557,6.638287,0.026865,6.809539,0.427490,6.934235,0.417160
27320,5.181703,0.018476,5.829791,0.117347,6.764561,0.355464,6.798174,0.530466,6.995377,0.027252
27330,5.165790,0.018153,5.787377,0.095590,6.671941,0.490688,6.726772,0.326853,6.986505,0.011209
27340,5.197669,0.024562,5.797645,0.162370,6.673140,0.008839,6.843497,0.275082,6.945446,0.465571
27350,4.952220,0.043495,5.817937,0.129503,6.246036,0.000775,6.812087,0.528888,6.969756,0.248819
27360,4.910483,0.042076,5.659463,0.175954,6.255266,0.000603,6.817359,0.335522,6.858093,0.235877
27370,5.069980,0.035998,5.800345,0.151989,6.602362,0.006064,6.866920,0.601786,6.902038,0.346079
27380,5.082508,0.031038,5.844382,0.127258,6.642616,0.117312,6.787179,0.315782,6.848140,0.462719
27390,4.841788,0.045625,5.620248,0.162575,6.375503,0.002033,6.701245,0.599114,6.830459,0.262139
27400,4.894998,0.042125,5.594232,0.194848,6.250494,0.001785,6.731381,0.072031,6.867977,0.268038
27410,5.094928,0.039183,5.889455,0.114669,6.479930,0.009804,6.897244,0.573528,7.014632,0.273103
27420,5.162957,0.032703,5.860923,0.124956,6.633363,0.012942,6.879384,0.524784,6.951109,0.264512
27430,5.239397,0.016915,5.859485,0.107330,6.658222,0.324183,6.750431,0.370912,7.010320,0.033505
27440,5.366969,0.012213,6.021338,0.045484,6.828333,0.578801,6.915827,0.325067,7.329108,0.003500
27450,5.327957,0.015814,5.961761,0.104993,6.814090,0.204133,6.869626,0.395348,6.961858,0.252877
27460,4.947481,0.037815,5.711798,0.125517,6.330703,0.002580,6.680781,0.563687,6.784645,0.237709
27470,4.971088,0.039286,5.769426,0.142632,6.632948,0.031516,6.742102,0.411049,6.802955,0.139051
27480,5.080681,0.042538,5.782722,0.178386,6.541570,0.001531,6.994093,0.461899,7.079323,0.370296
27490,4.983980,0.034481,5.761120,0.117114,6.521470,0.131542,6.679874,0.402056,6.760054,0.303798
27500,5.033714,0.036090,5.688481,0.146854,6.523861,0.006199,6.713041,0.549146,6.835672,0.273245
27510,5.195829,0.030818,5.920480,0.144259,6.790943,0.352786,6.871524,0.289498,6.925187,0.188804
27520,4.952096,0.043124,5.745957,0.131012,6.450166,0.005957,6.723984,0.577490,6.904555,0.284701
27530,4.982187,0.043037,5.645780,0.216675,6.282888,0.000108,6.905667,0.162734,6.928234,0.239318
27540,4.761676,0.056174,5.681800,0.158174,6.261074,0.000069,6.732893,0.524902,6.932295,0.235243
27550,4.962573,0.044199,5.710877,0.189750,6.189047,0.000120,6.823694,0.197392,6.877988,0.315188
27560,5.062603,0.049238,5.667962,0.157857,6.329347,0.000465,6.731223,0.413226,6.922234,0.235027
27570,5.231974,0.030089,5.908355,0.098324,6.714952,0.016273,6.799835,0.499313,6.887207,0.314942
27580,5.300361,0.023993,5.894042,0.133930,6.637359,0.007803,6.877158,0.292717,6.899246,0.378971
27590,5.076734,0.032404,5.748090,0.129176,6.551996,0.049438,6.748787,0.298242,6.769920,0.402022
27600,5.069212,0.039477,5.842646,0.139561,6.497768,0.005000,6.896094,0.539814,6.948706,0.320630
27620,4.956967,0.034231,5.666072,0.142679,6.362188,0.000723,6.728066,0.375756,6.744906,0.438338
27610,5.027459,0.040977,5.806873,0.149025,6.530820,0.000621,6.835173,0.549764,6.950164,0.304377
27630,4.988106,0.037354,5.612390,0.150068,6.424893,0.021310,6.695991,0.351880,6.775471,0.213159
27640,5.105648,0.036200,5.709042,0.189978,6.510387,0.000735,6.697901,0.010769,6.836632,0.344030
27650,5.039826,0.032506,5.807418,0.096186,6.669367,0.280402,6.704820,0.292627,6.789409,0.192115
27660,5.112977,0.028825,5.768036,0.146759,6.632387,0.008491,6.792771,0.356449,6.858328,0.352688
27670,5.115951,0.033972,5.852188,0.119765,6.499743,0.007523,6.693125,0.015921,6.834993,0.564656
27680,5.136070,0.031648,5.803868,0.158586,6.559634,0.007247,6.833873,0.186960,6.895980,0.175818
27690,4.899068,0.036945,5.635843,0.115120,6.397632,0.048806,6.649835,0.541100,6.733034,0.248624
27700,5.078285,0.035289,5.773483,0.120326,6.311503,0.010717,6.644640,0.009216,6.781438,0.526940
27710,5.038807,0.038493,5.844181,0.097879,6.372724,0.011914,6.709936,0.002556,6.776221,0.608661
27720,4.901140,0.043947,5.541747,0.192415,6.420882,0.002409,6.626499,0.029304,6.769510,0.396139
27730,5.053431,0.032392,5.775131,0.140577,6.369130,0.009533,6.725315,0.341042,6.792419,0.300841
27740,5.004731,0.036644,5.710085,0.159934,6.724942,0.121696,6.755249,0.397354,6.930443,0.293761
27750,5.025988,0.029550,5.774399,0.129450,6.682989,0.273430,6.715397,0.513162,6.992026,0.086398
27760,5.133823,0.033777,5.831208,0.131144,6.776953,0.078227,6.861524,0.457651,6.991635,0.380465
27770,5.022130,0.035522,5.766024,0.092875,6.567464,0.324358,6.743946,0.307576,6.881602,0.192554
27780,5.189156,0.030210,5.795171,0.150265,6.853114,0.215968,6.907687,0.317835,7.027237,0.318686
27790,5.076209,0.028845,5.857263,0.058766,6.643882,0.533334,6.745557,0.341683,7.052434,0.071220
27800,5.077686,0.039051,5.759273,0.160589,6.644951,0.021204,6.882783,0.459382,7.011798,0.413266
27810,5.097468,0.024017,5.795198,0.118209,6.657549,0.342651,6.680823,0.359398,6.940356,0.115037
27820,5.068357,0.024911,5.765676,0.101332,6.602886,0.182075,6.661026,0.465004,6.809045,0.233742
27830,5.243742,0.022762,5.894996,0.136865,6.701955,0.066720,6.884082,0.288331,6.949881,0.484722
27840,4.936393,0.039304,5.688435,0.151913,6.466148,0.002743,6.802597,0.533409,6.882860,0.328635
27850,4.864482,0.038828,5.713139,0.132752,6.404169,0.010750,6.692372,0.605415,6.762897,0.020146
27860,5.030029,0.042399,5.716794,0.197673,6.215778,0.004402,6.689745,0.008438,6.913763,0.348731
27870,5.018100,0.040292,5.890981,0.057006,6.408336,0.012417,6.740983,0.666840,6.876408,0.287105
27880,4.991359,0.038743,5.692471,0.176995,6.436549,0.005479,6.829975,0.297821,6.859028,0.529548
27900,5.074097,0.036465,5.756061,0.158199,6.422219,0.000843,6.828287,0.287818,6.887744,0.434655
27890,4.930792,0.046654,5.685718,0.148639,6.259557,0.001348,6.766458,0.516416,6.872541,0.248098
27910,4.973225,0.036169,5.703624,0.133788,6.415508,0.002302,6.723529,0.433303,6.770976,0.302596
27920,4.953847,0.038333,5.697148,0.127217,6.458440,0.000405,6.699237,0.541164,6.799061,0.303952
27930,5.080304,0.041433,5.851890,0.137752,6.315235,0.002130,6.806569,0.305722,6.831510,0.239577
27940,5.069747,0.046992,5.729983,0.142361,5.847690,0.030760,6.362064,0.004061,6.967287,0.244944
27950,4.841566,0.047202,5.650839,0.122282,5.805222,0.001008,6.364471,0.004341,6.673660,0.489743
27960,5.020517,0.038784,5.719143,0.152412,6.231029,0.001694,6.747391,0.011130,6.901375,0.309728
27970,5.012821,0.039936,5.796156,0.107034,6.291088,0.000473,6.769605,0.532748,6.860669,0.235419
27980,5.225977,0.029798,5.865701,0.129396,6.503715,0.000478,6.852122,0.254310,6.938334,0.522553
27990,5.077669,0.029339,5.753445,0.096646,6.415172,0.013278,6.658712,0.463746,6.698858,0.200960
28000,5.102223,0.028371,5.733090,0.135073,6.559649,0.004911,6.758335,0.308827,6.794916,0.466900
28010,5.107337,0.032976,5.863358,0.103769,6.523458,0.002805,6.771924,0.503892,6.832949,0.246961
28020,4.848381,0.051896,5.610722,0.174425,5.912034,0.000251,6.382140,0.001707,6.884403,0.542157
28030,4.860441,0.047489,5.695526,0.091859,5.852944,0.030839,6.292154,0.000452,6.779581,0.548675
28040,4.889247,0.049249,5.600785,0.037265,5.791418,0.087405,6.257979,0.002042,6.822402,0.547254
28050,5.068943,0.036544,5.766086,0.019649,5.893218,0.085915,6.484742,0.002096,6.778620,0.549456
28060,5.111672,0.030876,5.797555,0.120793,6.146265,0.000122,6.724120,0.082556,6.809924,0.560906
28070,5.044352,0.026882,5.813711,0.054386,6.515563,0.095501,6.594493,0.469440,6.671437,0.284112
28080,5.034363,0.037729,5.649864,0.158377,6.256653,0.001495,6.782534,0.282813,6.828781,0.392511
28090,4.999817,0.032464,5.791006,0.059054,6.143471,0.014080,6.529026,0.498508,6.659166,0.198354
28100,5.074641,0.038156,5.724764,0.162531,5.991837,0.003878,6.606325,0.012008,6.881304,0.314747
28110,5.096702,0.027014,5.804126,0.090453,6.048283,0.003254,6.633833,0.170086,6.698593,0.436625
28120,5.004985,0.035390,5.713904,0.090540,5.903778,0.026952,6.581695,0.042582,6.776256,0.611926
28130,5.023283,0.030333,5.769713,0.103954,5.950885,0.012217,6.650486,0.098875,6.735922,0.498126
28140,4.976517,0.040320,5.546867,0.030209,5.692513,0.143686,6.439843,0.001340,6.877546,0.470970
28150,4.866259,0.037574,5.709059,0.084837,5.863030,0.012955,6.561796,0.410999,6.672359,0.178253
28160,5.024181,0.033766,5.544809,0.202142,6.122393,0.006852,6.676327,0.118928,6.813266,0.178739
28170,5.163849,0.024278,5.935206,0.032566,6.457190,0.010804,6.677585,0.646023,6.786482,0.264221
28180,5.131466,0.024116,5.646676,0.193577,6.182427,0.013529,6.682023,0.178803,6.790361,0.129214
28190,4.812818,0.040703,5.623051,0.103771,5.945717,0.014058,6.564030,0.244248,6.640603,0.359212
28200,4.909646,0.042953,5.547400,0.100233,5.687389,0.099732,6.486986,0.003604,6.842978,0.264297
28210,4.917310,0.042282,5.556724,0.007378,5.758270,0.131003,6.414626,0.003558,6.781105,0.539553
28220,4.839787,0.043464,5.498162,0.200811,5.715955,0.002011,6.502225,0.001885,6.693328,0.346814
28230,4.834267,0.040724,5.763727,0.023964,6.015662,0.001211,6.501311,0.618218,6.742309,0.212089
28240,5.168259,0.028597,5.721872,0.127224,5.833140,0.061349,6.508037,0.008822,6.822014,0.301393
28250,4.863393,0.044282,5.627154,0.005864,5.764337,0.054967,6.513812,0.201458,6.606680,0.439408
28260,4.951317,0.042094,5.564573,0.106161,5.683358,0.089117,6.422924,0.002791,6.851924,0.302007
28270,4.943437,0.036657,5.658883,0.033718,5.917255,0.037627,6.527813,0.096682,6.690778,0.501916
28280,5.120666,0.031072,5.735770,0.075555,5.961832,0.062553,6.750114,0.017948,6.846684,0.358898
28290,4.954518,0.035018,5.704459,0.019713,5.790936,0.086410,6.631900,0.166516,6.672679,0.438513
28300,4.937215,0.038659,5.308949,0.004342,5.585518,0.194851,6.347280,0.003980,6.762971,0.317600
28310,5.158973,0.023377,5.719881,0.003321,5.912942,0.057100,6.633853,0.136361,6.733917,0.490948
28320,5.087621,0.032687,5.675606,0.140444,5.961825,0.020017,6.794254,0.219869,6.906730,0.163369
28330,4.914035,0.046543,5.646169,0.036010,5.821849,0.092980,6.502462,0.003163,6.810362,0.571541
28340,4.844470,0.055346,5.154255,0.003270,5.653606,0.160416,6.175719,0.003440,6.833255,0.067129
28350,4.977468,0.037804,5.536239,0.014753,5.778876,0.128572,6.421451,0.002741,6.781729,0.514311
28360,5.154076,0.025077,5.727360,0.111501,5.993403,0.026983,6.758058,0.353989,6.857083,0.325917
28370,5.176418,0.021264,5.839076,0.054418,5.963095,0.035576,6.783618,0.378791,6.812152,0.308856
28380,4.893256,0.041468,5.292894,0.003264,5.571438,0.176314,6.375573,0.006934,6.711711,0.357680
28390,4.919743,0.040708,5.400432,0.005009,5.763892,0.136412,6.456321,0.009669,6.788481,0.551228
28400,4.956716,0.044390,5.362376,0.003328,5.647685,0.201287,6.353410,0.005380,6.852584,0.285818
28410,5.072859,0.027764,5.720178,0.107495,5.939816,0.032977,6.608931,0.119672,6.751879,0.253118
28420,5.111913,0.035053,5.734604,0.125334,5.847915,0.005629,6.580453,0.006729,6.800499,0.584744
28430,5.066216,0.026414,5.676813,0.164145,5.721693,0.003392,6.467936,0.008385,6.666616,0.367511
28440,5.000880,0.046673,5.503844,0.004153,5.744743,0.146900,6.464866,0.008882,6.827083,0.345596
28450,4.936607,0.043515,5.496577,0.002782,5.820025,0.064336,6.429009,0.014037,6.685037,0.559539
28460,5.094395,0.037098,5.475280,0.003858,5.611535,0.198424,6.427127,0.003952,6.896089,0.296182
28470,4.928464,0.039743,5.493352,0.004874,5.777899,0.091143,6.574029,0.010395,6.651834,0.566476
28480,5.206440,0.027321,5.514080,0.014727,5.769452,0.175618,6.563254,0.005980,6.821482,0.310725
28490,5.105796,0.027210,5.731157,0.044468,5.948785,0.033865,6.694514,0.407039,6.772255,0.302496
28500,4.993735,0.044566,5.632903,0.057350,5.763321,0.100989,6.711384,0.006801,6.773018,0.425229
28510,4.960661,0.041654,5.523263,0.004908,5.778708,0.132480,6.456239,0.005410,6.788997,0.543346
28520,5.052309,0.036951,5.526200,0.063729,5.611596,0.133578,6.537535,0.013294,6.900194,0.290573
28530,5.027270,0.034630,5.689341,0.004377,5.858463,0.039156,6.577751,0.307876,6.717784,0.305824
28540,5.204885,0.024412,5.559703,0.033085,5.649072,0.191907,6.663421,0.004798,6.856316,0.332259
28550,5.051316,0.028968,5.566878,0.004397,5.847745,0.036623,6.577512,0.591697,6.664133,0.082659
28560,5.102227,0.037835,5.303506,0.006678,5.666009,0.182568,6.444370,0.008264,6.776742,0.324499
28570,5.101794,0.027510,5.595533,0.010024,5.913813,0.062575,6.672211,0.047027,6.688730,0.421153
28580,5.131440,0.032742,5.747344,0.077674,5.939791,0.063736,6.935544,0.176654,6.972231,0.253058
28590,4.957751,0.038700,5.570505,0.016484,5.840595,0.053967,6.623331,0.525330,6.727303,0.068417
28600,5.037594,0.036189,5.333592,0.035293,5.669085,0.170767,6.528019,0.003627,6.756040,0.228179
28610,5.085318,0.033670,5.591153,0.003484,5.926684,0.010722,6.519860,0.093695,6.676500,0.554851
28620,5.149321,0.030386,5.560930,0.022531,5.725095,0.170666,6.654347,0.011218,6.825719,0.340249
28630,4.889043,0.037116,5.539169,0.004538,5.781929,0.062320,6.532711,0.506300,6.690488,0.105440
28650,4.813663,0.047819,5.256546,0.005957,5.707884,0.137333,6.176446,0.004552,6.711963,0.401724
28640,4.884663,0.053378,5.175496,0.005755,5.617154,0.195902,6.195759,0.006650,6.892488,0.271975
28660,4.836276,0.043295,5.385943,0.070319,5.715676,0.098650,6.595076,0.029615,6.694120,0.308463
28670,5.038348,0.035344,5.713359,0.019350,5.935153,0.041707,6.614101,0.429261,6.761898,0.176632
28680,4.939093,0.037107,5.177428,0.040577,5.612410,0.181584,6.224785,0.005684,6.741505,0.218926
28690,4.890934,0.038034,5.505935,0.014125,5.868199,0.049283,6.595938,0.415185,6.640773,0.209988
28700,4.834649,0.050246,5.331175,0.041149,5.636725,0.151413,6.418772,0.004583,6.775164,0.359481
28710,4.855773,0.038240,5.406205,0.021331,5.828705,0.074831,6.358922,0.005771,6.677988,0.494845
28720,4.798030,0.049568,5.122551,0.016218,5.585420,0.182383,6.136291,0.011736,6.844163,0.211998
28730,4.838847,0.045159,5.422781,0.007999,5.733931,0.122024,6.331328,0.005308,6.667684,0.534825
28740,5.035273,0.034676,5.454752,0.019799,5.745088,0.136284,6.512088,0.003658,6.749781,0.145665
28750,5.087312,0.032844,5.707977,0.003450,5.943437,0.023954,6.643792,0.292079,6.672870,0.173275
28760,4.875729,0.041489,5.199918,0.021803,5.574157,0.191817,6.272313,0.002988,6.726627,0.243080
28770,4.874232,0.038494,5.478407,0.013222,5.861280,0.036576,6.546349,0.357044,6.706700,0.264286
28780,4.964466,0.041130,5.469062,0.065255,5.785490,0.118699,6.613738,0.002873,6.893572,0.356584
28790,4.974288,0.035786,5.688097,0.036772,5.926861,0.038174,6.657917,0.288532,6.716676,0.273062
28800,4.889737,0.043455,5.355550,0.017981,5.642876,0.142330,6.408068,0.002141,6.783493,0.436680
28810,4.883956,0.046806,5.386502,0.002312,5.768861,0.092544,6.320446,0.007994,6.616340,0.528303
28820,5.026736,0.036342,5.541360,0.027229,5.718859,0.158446,6.504046,0.001507,6.881035,0.359728
28830,4.868617,0.040558,5.694686,0.032998,5.880308,0.017939,6.580322,0.546996,6.773366,0.146856
28840,5.046643,0.038785,5.680586,0.168497,6.043797,0.006768,6.829651,0.039408,6.922370,0.359727
28850,4.839954,0.047060,5.731664,0.020299,5.818034,0.058519,6.663933,0.255211,6.711990,0.380826
28860,4.866550,0.043714,5.550440,0.002832,5.633889,0.174950,6.373198,0.005260,6.780949,0.341872
28870,4.942954,0.045028,5.642894,0.002137,5.753862,0.114823,6.553027,0.028914,6.718310,0.584989
28880,5.059544,0.030808,5.817448,0.103558,6.026346,0.009518,6.746786,0.575187,6.787511,0.296665
28890,4.880736,0.044606,5.426963,0.006486,5.686274,0.138768,6.558097,0.044701,6.721532,0.472546
28900,4.765640,0.046845,5.259652,0.010009,5.551882,0.189225,6.230711,0.007074,6.792970,0.337083
28910,4.817828,0.047112,5.532769,0.003139,5.764423,0.115585,6.642455,0.007836,6.725338,0.589345
28920,5.068430,0.034990,5.843264,0.106670,5.879357,0.011964,6.813206,0.490025,6.861855,0.149448
28930,4.957018,0.037453,5.555584,0.014644,5.728256,0.130786,6.582742,0.048300,6.766330,0.555847
28940,4.940392,0.037991,5.605648,0.030051,5.788230,0.099341,6.625343,0.069378,6.716655,0.622640
28950,4.966469,0.046468,5.624799,0.165360,5.740226,0.024757,6.751561,0.124936,6.785511,0.283475
28960,4.929767,0.039133,5.758167,0.062318,5.812834,0.036321,6.709560,0.590766,6.825603,0.172309
28970,4.934827,0.045451,5.484212,0.010153,5.688770,0.162531,6.592043,0.027988,6.828027,0.349928
28980,4.965159,0.040462,5.490372,0.004107,5.813851,0.111341,6.550236,0.006817,6.759427,0.589302
28990,5.154369,0.028921,5.756280,0.024975,5.888006,0.105559,6.756190,0.045149,6.818211,0.408025
29000,5.052495,0.032749,5.751603,0.014906,5.918635,0.047081,6.678755,0.397145,6.773453,0.307952
29010,4.950587,0.053636,5.494615,0.003571,5.675088,0.147686,6.486928,0.005671,6.768672,0.450874
29020,4.909741,0.041872,5.691620,0.007337,5.873285,0.039008,6.625246,0.585510,6.818238,0.065510
29030,5.144875,0.044822,5.721936,0.129439,5.934390,0.031789,6.869481,0.023393,6.959738,0.443967
29040,5.026587,0.038251,5.849845,0.019843,5.970963,0.017546,6.623724,0.418934,6.817257,0.241331
29050,5.033318,0.038754,5.638014,0.128993,5.841522,0.038947,6.608392,0.004905,6.761285,0.372757
29060,5.034512,0.037005,5.841877,0.046373,6.020229,0.011936,6.664504,0.571105,6.777608,0.195108
29070,5.117716,0.043276,5.809784,0.133193,6.029583,0.008655,6.831437,0.012295,6.883838,0.434297
29080,4.956827,0.040128,5.706356,0.065166,5.968804,0.024306,6.591474,0.224621,6.776308,0.322492
29090,4.930441,0.056309,5.476238,0.122086,5.799196,0.052923,6.591573,0.004683,6.824897,0.429161
29100,5.053905,0.037009,5.774384,0.019684,6.045980,0.010468,6.674063,0.390658,6.768579,0.223231
29110,5.112180,0.042699,5.579295,0.051899,5.838986,0.120285,6.594880,0.002735,6.827985,0.371482
29120,5.021449,0.037623,5.657413,0.032397,5.917699,0.049619,6.569642,0.052193,6.701135,0.513532
29130,4.999075,0.040510,5.643416,0.039137,5.828495,0.099729,6.600277,0.007622,6.828384,0.454920
29140,5.077974,0.039932,5.709946,0.023543,5.953539,0.080268,6.611554,0.003565,6.861715,0.499597
29150,4.965200,0.045843,5.438853,0.019678,5.752258,0.134017,6.387708,0.003398,6.824105,0.339182
29160,4.996081,0.038911,5.630364,0.016660,5.848937,0.074909,6.427011,0.006549,6.709496,0.355498
29170,5.093212,0.040075,5.707132,0.089446,5.959033,0.045642,6.706977,0.011040,6.824874,0.460343
29180,5.273503,0.021532,5.984040,0.032122,6.204263,0.013625,6.794969,0.458632,6.894298,0.316997
29190,5.053102,0.032037,5.568907,0.026793,5.747271,0.117702,6.484296,0.006983,6.791512,0.365551
29200,4.959710,0.038827,5.598388,0.020176,5.713480,0.128623,6.546243,0.006309,6.833912,0.494287
29210,4.917789,0.046821,5.634058,0.011678,5.818211,0.116636,6.684009,0.028391,6.848677,0.562418
29220,4.997112,0.040888,5.542705,0.007672,5.767544,0.140823,6.506440,0.003183,6.786954,0.398177
29230,4.997862,0.036573,5.573420,0.006315,5.799439,0.080020,6.591048,0.054675,6.686392,0.485550
29240,5.072670,0.030183,5.833969,0.108573,5.927956,0.004398,6.792068,0.546199,6.830911,0.317272
29250,4.976080,0.037696,5.655039,0.055377,5.730645,0.099485,6.717681,0.028317,6.789178,0.523649
29260,4.967924,0.038303,5.465196,0.002510,5.707346,0.174555,6.675065,0.005011,6.868412,0.337269
29270,4.937734,0.036470,5.807793,0.071473,5.854925,0.015374,6.663985,0.537697,6.801376,0.180332
29280,5.022850,0.040227,5.657323,0.186625,5.951361,0.001673,6.860765,0.349193,6.949588,0.040128
29290,4.942657,0.032643,5.749751,0.004182,5.833076,0.024402,6.574533,0.680773,6.730977,0.213960
29300,4.979118,0.043180,5.437905,0.001254,5.643338,0.214421,6.521566,0.006468,6.878398,0.321565
29310,4.782907,0.042329,5.623288,0.141965,5.752172,0.009842,6.591071,0.352229,6.691660,0.188092
29320,4.753443,0.042968,5.488160,0.173729,5.710596,0.010255,6.665476,0.097424,6.717619,0.381237
29330,4.947132,0.035273,5.759257,0.117417,6.072441,0.004718,6.737393,0.550714,6.796188,0.212206
29340,5.036858,0.039861,5.627751,0.157356,5.994353,0.013189,6.840695,0.417531,6.946049,0.209908
29350,4.909073,0.030250,5.762636,0.046097,6.088871,0.005235,6.554263,0.611970,6.660838,0.253254
29360,4.829703,0.050798,5.461917,0.152395,5.578412,0.048584,6.410358,0.003500,6.740125,0.386250
29370,4.844934,0.041588,5.819994,0.089210,5.887571,0.002990,6.660157,0.509994,6.757100,0.112363
29380,4.686491,0.056000,5.478424,0.143360,5.525354,0.056939,6.413835,0.001870,6.784379,0.352449
29390,4.834504,0.040307,5.664955,0.141079,5.875243,0.004635,6.664211,0.166203,6.737343,0.390453
29400,4.795866,0.049292,5.521590,0.156068,5.702445,0.031343,6.563606,0.011786,6.794790,0.405339
29410,4.912540,0.031628,5.625152,0.078917,5.863016,0.039113,6.576453,0.271068,6.628891,0.450783
29420,4.952085,0.048769,5.412250,0.113546,5.762548,0.056405,6.596573,0.250798,6.704817,0.079224
29430,4.877572,0.034900,5.754547,0.050640,5.905753,0.008492,6.519620,0.577385,6.648686,0.205073
29440,4.884559,0.048394,5.428599,0.211432,5.613476,0.002989,6.478370,0.026881,6.786863,0.292692
29450,4.864299,0.036972,5.696291,0.087414,5.975638,0.008544,6.577005,0.537315,6.702805,0.254142
29460,5.024961,0.043800,5.633077,0.204228,5.913867,0.001595,6.835682,0.111116,6.971583,0.184441
29470,4.772289,0.046395,5.545414,0.159575,5.615484,0.004674,6.481438,0.107657,6.629094,0.389891
29480,4.886642,0.040633,5.501371,0.222212,5.681519,0.002583,6.631729,0.154740,6.707931,0.108613
29490,5.016730,0.032817,5.814990,0.071877,6.117281,0.005484,6.663622,0.617685,6.769937,0.260265
29500,5.012605,0.041507,5.555510,0.205163,5.812508,0.006633,6.696574,0.060956,6.885341,0.245418
29510,4.533499,0.048834,5.499261,0.092915,5.538661,0.006273,6.428182,0.528240,6.449461,0.019396
29520,4.819955,0.048950,5.373654,0.252719,5.541383,0.002945,6.420894,0.003496,6.833299,0.227813
29530,4.728124,0.052493,5.614194,0.020113,5.661397,0.088722,6.461727,0.015009,6.601313,0.592962
29550,4.681667,0.056071,5.413152,0.039870,5.512493,0.144028,6.283562,0.005633,6.626597,0.507215
29540,4.736593,0.043287,5.386093,0.203873,5.427268,0.017752,6.267731,0.000438,6.580734,0.284884
29560,4.895691,0.044584,5.571350,0.202539,5.733194,0.001719,6.598327,0.010282,6.795296,0.230921
29570,4.803581,0.042630,5.619433,0.083204,5.726373,0.026399,6.591388,0.304111,6.631234,0.253002
29580,4.873377,0.041796,5.433284,0.195095,5.580261,0.026472,6.321923,0.002688,6.708280,0.259035
29590,4.702595,0.047992,5.443240,0.000320,5.620268,0.113509,6.375384,0.009849,6.560686,0.565040
29600,4.955669,0.038334,5.424236,0.000491,5.555348,0.212120,6.187429,0.000936,6.678897,0.298151
29610,4.950775,0.039848,5.576687,0.016867,5.632767,0.141755,6.351425,0.002751,6.677376,0.403547
29620,5.008046,0.037671,5.754685,0.003065,5.764796,0.118832,6.424098,0.000510,6.769880,0.522170
29630,4.818522,0.047600,5.438113,0.038953,5.487702,0.143243,6.108574,0.005080,6.718373,0.265948
29640,4.853981,0.043742,5.601068,0.156860,5.628910,0.002093,6.273728,0.002452,6.729259,0.288098
29650,4.985863,0.035259,5.715390,0.091931,5.741141,0.038467,6.520464,0.005782,6.756893,0.490187
29660,5.004938,0.030986,5.613277,0.147719,5.679354,0.015711,6.389872,0.004207,6.659999,0.321554
29670,4.895888,0.037143,5.525012,0.056572,5.647689,0.076743,6.352666,0.002084,6.635847,0.476851
29680,4.881971,0.042557,5.394054,0.007398,5.653819,0.109470,6.216156,0.000981,6.612499,0.412633
29690,4.950737,0.040554,5.433955,0.005055,5.544037,0.186657,6.204966,0.001336,6.719754,0.279937
29700,4.778820,0.039836,5.566076,0.011418,5.645885,0.088359,6.512056,0.446904,6.617008,0.105894
29710,4.952399,0.034003,5.534066,0.194820,5.730933,0.009178,6.562305,0.008475,6.729032,0.266695
29720,4.891217,0.037651,5.459433,0.013050,5.706472,0.101829,6.445858,0.041025,6.669823,0.529983
29730,4.974701,0.033402,5.570363,0.033052,5.744325,0.086093,6.537535,0.007074,6.672646,0.484191
29740,4.903598,0.035960,5.504890,0.139660,5.707336,0.035457,6.518832,0.072421,6.647616,0.325955
29750,4.950098,0.041099,5.569055,0.135786,5.797497,0.006310,6.573381,0.030872,6.701135,0.409557
29760,4.949084,0.035292,5.736299,0.080453,5.933714,0.005487,6.557853,0.308030,6.723343,0.333137
29770,4.966607,0.032173,5.452836,0.209485,5.830828,0.008767,6.493316,0.009915,6.654878,0.277883
29780,4.830504,0.036937,5.577106,0.016053,5.686927,0.091864,6.549336,0.543319,6.582762,0.074463
29790,4.881163,0.035997,5.310235,0.012829,5.561368,0.172046,6.369538,0.006689,6.603760,0.270339
29800,4.895394,0.044799,5.374763,0.025587,5.594714,0.169215,6.290806,0.004768,6.681386,0.312592
29810,4.738039,0.047500,5.310950,0.008627,5.546829,0.161985,6.307882,0.004737,6.680417,0.477663
29820,4.782552,0.043010,5.452791,0.021555,5.481759,0.172110,6.269533,0.004609,6.686553,0.301871
29830,4.879455,0.046751,5.466850,0.030571,5.561932,0.164965,6.323154,0.005154,6.842614,0.272557
29840,5.020006,0.029627,5.735371,0.111704,5.961194,0.016929,6.589347,0.047025,6.714515,0.250849
29850,4.992048,0.042959,5.554733,0.105274,5.758024,0.057081,6.369786,0.007825,6.691760,0.309973
29860,4.988617,0.030630,5.590382,0.071282,5.755072,0.069605,6.338462,0.008637,6.669562,0.261209
29870,4.802531,0.053603,5.221148,0.000406,5.580442,0.124655,6.064494,0.006556,6.603856,0.436315
29880,4.843844,0.040320,5.278282,0.017601,5.473629,0.192979,6.056142,0.008411,6.690953,0.264889
29890,4.773658,0.048705,5.186402,0.007330,5.622488,0.138650,6.341293,0.005553,6.669457,0.496562
29900,4.822803,0.046010,5.189853,0.001216,5.569124,0.179066,6.062914,0.004183,6.730561,0.371955
29910,4.785366,0.055219,5.119251,0.000923,5.533149,0.187294,6.051301,0.003535,6.703319,0.328529
29920,4.912721,0.041064,5.375913,0.002667,5.720255,0.124917,6.421317,0.011073,6.692316,0.527062
29930,4.917402,0.044889,5.361320,0.002119,5.630058,0.137134,6.213873,0.005376,6.668431,0.474419
29940,4.947462,0.035532,5.507610,0.081405,5.734339,0.072568,6.467257,0.002179,6.719431,0.278850
29950,4.870173,0.039611,5.455540,0.035208,5.778622,0.053539,6.522046,0.172454,6.617383,0.289697
29960,4.929855,0.045270,5.107840,0.007374,5.631958,0.172873,6.053124,0.013380,6.736562,0.074223
29970,4.875290,0.041255,5.206398,0.003476,5.618888,0.151990,6.212302,0.004724,6.686824,0.376265
29980,4.794444,0.041177,5.288925,0.004000,5.610256,0.112463,6.379165,0.044795,6.580473,0.493492
29990,4.976176,0.043670,5.458688,0.025454,5.676034,0.148786,6.358706,0.007208,6.818824,0.369026
30000,4.794288,0.042506,5.323136,0.024461,5.713982,0.083828,6.484286,0.055211,6.591414,0.387216
30010,4.760660,0.044525,5.277358,0.028404,5.579557,0.121405,6.350666,0.004875,6.582613,0.334246
30020,4.793260,0.049375,5.061414,0.003957,5.467140,0.183461,6.032916,0.004666,6.650665,0.223396
30030,4.817927,0.044635,5.325256,0.001495,5.727554,0.086201,6.393322,0.009254,6.628848,0.563061
30040,4.836013,0.038797,5.484305,0.006659,5.618566,0.122356,6.480582,0.018398,6.612795,0.496635
30050,4.919952,0.039977,5.425761,0.007358,5.642513,0.163767,6.434051,0.003475,6.791208,0.313524
30060,4.689900,0.046802,5.077055,0.003693,5.615557,0.103797,6.359445,0.009598,6.542635,0.533102
30070,4.669253,0.048867,5.041345,0.031347,5.356275,0.187989,6.209626,0.004541,6.621086,0.260264
30080,4.751870,0.045131,5.117769,0.020582,5.624328,0.139158,6.286099,0.006297,6.665400,0.272033
30090,4.919682,0.037728,5.282367,0.009398,5.799647,0.102905,6.454677,0.010134,6.711661,0.359564
30100,4.873127,0.037710,5.376870,0.001341,5.544595,0.161451,6.252413,0.003682,6.689445,0.356840
30110,4.813196,0.045705,5.313701,0.001031,5.654198,0.114791,6.282211,0.009522,6.623047,0.486974
30120,4.969987,0.041653,5.261145,0.001529,5.778940,0.131353,6.195385,0.007010,6.738398,0.162375
30130,4.884536,0.044005,5.183351,0.010576,5.637626,0.147860,6.131319,0.003866,6.607749,0.133256
30150,5.073098,0.032696,5.281082,0.023270,5.839269,0.125422,6.379095,0.005134,6.710068,0.166718
30140,5.036746,0.030478,5.576848,0.022044,5.940559,0.019182,6.608376,0.167462,6.702860,0.372501
30160,4.947413,0.036305,5.395732,0.017256,5.782314,0.114337,6.342195,0.003043,6.679213,0.275380
30170,4.958444,0.037415,5.411188,0.021741,5.797780,0.075985,6.482932,0.050266,6.691243,0.372915
30180,5.195523,0.027373,5.664718,0.055938,5.949872,0.066742,6.529947,0.003671,6.832557,0.281078
30190,5.156607,0.030962,5.609555,0.046007,5.974425,0.041614,6.451357,0.014388,6.692699,0.267520
30200,5.120369,0.023975,5.680480,0.057223,6.039181,0.023747,6.606153,0.141969,6.637083,0.227854
30210,5.159338,0.035090,5.532207,0.109476,5.931754,0.075998,6.493994,0.002943,6.771590,0.304716
30220,5.206611,0.027989,5.912252,0.008938,6.098250,0.012369,6.740093,0.290325,6.862756,0.117001
30230,5.017146,0.027625,5.543471,0.010674,5.704449,0.106271,6.410018,0.004819,6.693659,0.332637
30240,5.053340,0.034164,5.510042,0.005700,5.740827,0.144002,6.403302,0.005024,6.817216,0.248186
30250,5.089905,0.036030,5.508739,0.008641,5.886907,0.112964,6.625904,0.016258,6.859585,0.307598
30260,5.001350,0.026750,5.520737,0.039468,5.814257,0.070524,6.565971,0.109321,6.675963,0.217296
30270,5.116014,0.027866,5.536173,0.038651,5.810928,0.114159,6.613366,0.098274,6.709456,0.207691
30280,5.178649,0.023967,5.706872,0.007942,5.997441,0.012183,6.586040,0.388540,6.753474,0.324024
30290,5.199666,0.021436,5.625690,0.195324,5.750287,0.014626,6.621494,0.018577,6.777497,0.348928
30300,5.007052,0.032994,5.636034,0.004835,5.814376,0.065080,6.598379,0.496071,6.734192,0.104098
30310,5.020333,0.035830,5.406216,0.021209,5.809709,0.131738,6.603099,0.018397,6.819596,0.288656
30320,5.028021,0.030322,5.435348,0.036007,5.804019,0.099639,6.444689,0.013063,6.705616,0.254579
30330,5.172353,0.023971,5.733241,0.045879,5.918097,0.077139,6.738736,0.183244,6.855101,0.142061
30340,5.039911,0.032727,5.710052,0.005397,5.887790,0.036253,6.617396,0.536087,6.738916,0.134494
30350,5.092930,0.029830,5.563015,0.148154,5.668954,0.046253,6.516295,0.004355,6.794306,0.336746
30360,4.948959,0.032638,5.652132,0.002851,5.846551,0.012831,6.454260,0.345337,6.684476,0.255803
30370,5.144570,0.037683,5.652357,0.059215,5.825849,0.117475,6.484556,0.002051,6.907575,0.320773
30380,5.012167,0.036001,5.632328,0.048963,5.896353,0.057578,6.398970,0.002683,6.660688,0.420055
30390,5.032195,0.027368,5.643801,0.040664,5.968506,0.025511,6.608644,0.287517,6.656968,0.144439
30400,5.238571,0.023002,5.682786,0.042043,6.041896,0.067675,6.563390,0.003064,6.768416,0.204531
30410,5.067380,0.032571,5.599255,0.019923,5.854186,0.097532,6.505897,0.006019,6.745231,0.334266
30420,4.898637,0.031887,5.618096,0.003574,5.694720,0.092520,6.544509,0.310754,6.571248,0.239190
30430,5.099614,0.029171,5.566250,0.188487,5.643804,0.016471,6.362383,0.003337,6.784163,0.305946
30440,5.034904,0.032014,5.736503,0.023427,5.966743,0.020678,6.610341,0.007892,6.660533,0.424164
30450,5.136902,0.025803,5.600313,0.049426,5.900046,0.071018,6.499793,0.007688,6.647846,0.260426
30460,5.246210,0.013712,5.798062,0.111570,6.074689,0.016608,6.600413,0.005217,6.713750,0.301852
30470,5.168603,0.024471,5.855183,0.045887,6.066933,0.012478,6.672153,0.357319,6.681057,0.224337
30480,5.162257,0.026947,5.742491,0.071533,5.939926,0.058539,6.562991,0.003975,6.786713,0.310098
30490,4.964904,0.038902,5.420572,0.017486,5.772180,0.102642,6.335605,0.001781,6.647444,0.260303
30500,5.071036,0.033680,5.529308,0.009275,5.971636,0.032603,6.500474,0.009090,6.699923,0.288231
30510,4.980567,0.033992,5.150586,0.022008,5.664833,0.140387,6.195550,0.001392,6.626877,0.146721
30520,4.959533,0.032254,5.270256,0.024688,5.847426,0.060126,6.361216,0.010111,6.504838,0.119584
30530,5.014622,0.037940,5.416464,0.025032,5.964275,0.051736,6.463913,0.012294,6.652583,0.240649
30540,5.053079,0.032551,5.663102,0.098388,6.052204,0.023800,6.696100,0.053326,6.725943,0.410239
30550,5.132212,0.026914,5.827402,0.062567,6.229549,0.010733,6.679111,0.471844,6.749395,0.293479
30560,5.298146,0.016336,5.891416,0.058622,6.237983,0.010938,6.722243,0.346131,6.745377,0.299944
30570,5.284004,0.014739,5.814702,0.081687,6.273055,0.020545,6.713308,0.323097,6.845656,0.271066
30580,5.257568,0.014668,5.906401,0.019327,6.408442,0.027880,6.694182,0.495724,6.796614,0.364082
30590,5.151746,0.023763,5.676231,0.115997,5.969721,0.024570,6.716562,0.000103,6.761588,0.368802
30600,4.983506,0.037167,5.600204,0.050737,5.907992,0.055123,6.536623,0.001670,6.772767,0.402677
30610,4.937455,0.038919,5.598680,0.046103,5.926092,0.052019,6.494842,0.007308,6.772224,0.535640
30620,4.917318,0.032733,5.472358,0.063024,5.786180,0.062346,6.300013,0.002180,6.644786,0.271872
30640,4.974315,0.036800,5.427874,0.026672,5.917663,0.039488,6.526716,0.234770,6.630200,0.035698
30630,5.104724,0.026136,5.613605,0.056799,5.919448,0.062503,6.600376,0.000148,6.709994,0.236199
30650,5.061723,0.033834,5.446801,0.100016,5.885745,0.071339,6.531310,0.002707,6.648610,0.289674
30660,5.147953,0.028507,5.869388,0.048924,6.169290,0.009365,6.719230,0.529108,6.830834,0.285455
30670,5.097746,0.027564,5.676945,0.107408,6.069163,0.010401,6.704293,0.407821,6.771599,0.145739
30680,5.084687,0.032401,5.572255,0.099955,5.831601,0.053166,6.544607,0.007598,6.735343,0.278383
30690,5.135200,0.025710,5.762254,0.043963,6.038327,0.020399,6.664807,0.247738,6.720423,0.511662
30700,5.048031,0.028160,5.645942,0.063604,5.972337,0.024689,6.589189,0.213814,6.638942,0.080776
30710,5.103451,0.033154,5.548197,0.067918,5.783833,0.103032,6.348499,0.003262,6.767241,0.243720
30720,4.847285,0.041201,5.461481,0.006010,5.684514,0.094186,6.346921,0.005835,6.596831,0.521863
30730,4.965166,0.040614,5.507799,0.001523,5.608163,0.185877,6.334951,0.001933,6.802189,0.349137
30740,5.140819,0.030995,5.887761,0.064879,5.969669,0.034266,6.813024,0.010397,6.837546,0.550175
30750,4.990542,0.029227,5.614742,0.043177,5.885487,0.024482,6.576814,0.415625,6.722481,0.401290
30770,5.015208,0.031793,5.463414,0.026212,5.862677,0.062987,6.473310,0.017342,6.604620,0.363403
30760,5.069362,0.025602,5.371341,0.092069,5.727289,0.099423,6.401413,0.002431,6.582973,0.284549
30780,5.102573,0.030981,5.646377,0.029236,5.881467,0.085088,6.520524,0.002177,6.775630,0.394125
30790,4.970077,0.035049,5.436033,0.008349,5.623736,0.148040,6.321988,0.001402,6.718946,0.327109
30800,4.893368,0.040717,5.515036,0.003619,5.790689,0.086541,6.454983,0.003738,6.652679,0.607509
30810,5.045825,0.038922,5.413163,0.003449,5.696483,0.191429,6.304871,0.004472,6.828835,0.353711
30820,5.009658,0.023516,5.394127,0.006109,5.701191,0.121776,6.354883,0.013016,6.558994,0.209635
30830,5.111217,0.025217,5.575894,0.006292,5.957308,0.020554,6.511306,0.090941,6.590892,0.124118
30840,5.176847,0.032803,5.530817,0.010894,5.882303,0.127005,6.378043,0.002277,6.784793,0.224998
30850,4.830474,0.034822,5.134618,0.010223,5.650053,0.090288,6.189497,0.010791,6.449757,0.147329
30860,5.173451,0.026304,5.574015,0.010509,5.916475,0.066062,6.644462,0.031916,6.729183,0.414607
30870,5.247130,0.022164,5.624036,0.026752,5.915804,0.094897,6.665730,0.077546,6.731034,0.238478
30880,5.066299,0.015091,5.581360,0.015221,5.877562,0.003489,6.378530,0.156618,6.591718,0.615959
30890,5.131255,0.029529,5.419992,0.027017,5.848573,0.117779,6.469070,0.009650,6.673660,0.210535
30900,5.088669,0.038052,5.480335,0.015449,5.949436,0.084062,6.553036,0.007688,6.806106,0.206211
30910,5.051390,0.027724,5.668446,0.013569,5.895150,0.053157,6.673203,0.120763,6.774832,0.241344
30920,5.023271,0.029927,5.637637,0.026397,5.811700,0.064177,6.542143,0.021113,6.728102,0.496907
30930,5.206213,0.026217,5.551309,0.023667,5.976049,0.079776,6.582929,0.023722,6.767337,0.228658
30940,5.204864,0.018643,5.692041,0.018702,6.012095,0.014126,6.609148,0.171977,6.758458,0.291449
30950,5.026969,0.022947,5.450441,0.095890,5.793564,0.052945,6.497634,0.055236,6.557990,0.290053
30960,5.048117,0.034629,5.534322,0.029786,5.942175,0.055646,6.615686,0.045654,6.740294,0.347624
30970,5.060737,0.034928,5.500360,0.031886,5.850206,0.110141,6.460752,0.005948,6.745653,0.283008
30980,4.924126,0.032753,5.428337,0.038751,5.637075,0.113609,6.319938,0.007810,6.617823,0.360745
30990,5.163357,0.027049,5.676835,0.049744,5.926458,0.082356,6.667246,0.020634,6.836639,0.287715
31000,4.933529,0.036057,5.535632,0.045044,5.903148,0.034289,6.576716,0.076988,6.649311,0.404025
31010,5.073859,0.023963,5.500058,0.082820,5.900213,0.055923,6.495157,0.006597,6.586685,0.298241
31020,5.159900,0.030197,5.606096,0.016990,6.047547,0.032356,6.601157,0.028442,6.724887,0.113562
31030,5.059914,0.034567,5.448320,0.021206,5.750685,0.141398,6.287127,0.001869,6.779643,0.291638
31040,4.960027,0.030901,5.592603,0.076303,5.782320,0.049493,6.576385,0.097253,6.663929,0.311893
31050,5.162310,0.025079,5.609118,0.008903,5.919793,0.062617,6.559464,0.099684,6.660634,0.132047
31060,5.256793,0.032610,5.515499,0.001985,5.989466,0.115196,6.328946,0.001589,6.675813,0.101150
31070,5.020716,0.027840,5.484388,0.031094,5.846624,0.059070,6.478422,0.022068,6.555973,0.227076
31080,5.051040,0.025333,5.569563,0.046856,6.060497,0.013179,6.560410,0.283650,6.665769,0.421243
31090,5.395687,0.021306,5.622293,0.052814,6.230023,0.047585,6.633097,0.028638,6.764700,0.203934
31100,5.117188,0.024600,5.573303,0.031480,6.055320,0.006273,6.555530,0.178674,6.662941,0.031234
31110,4.922304,0.029173,5.292953,0.032000,5.641386,0.120628,6.248234,0.004831,6.538464,0.241797
31120,5.137667,0.029274,5.507794,0.007816,5.795534,0.153220,6.420736,0.003525,6.763852,0.326950
31130,4.992115,0.034075,5.453263,0.016291,5.881415,0.046466,6.553159,0.200810,6.658494,0.142800
31140,4.992496,0.035900,5.519671,0.143081,5.842546,0.054562,6.654934,0.060500,6.692104,0.189531
31150,4.918646,0.043982,5.503024,0.095255,5.791858,0.060903,6.549456,0.016068,6.683192,0.339488
31160,5.010022,0.033710,5.692874,0.024806,5.918945,0.044107,6.537172,0.029018,6.681693,0.493867
31170,5.142005,0.027666,5.479689,0.051024,5.750149,0.118345,6.276787,0.004358,6.705489,0.284417
31180,4.885395,0.039391,5.320084,0.008544,5.753841,0.082136,6.294821,0.013803,6.598276,0.413810
31190,4.867949,0.044303,5.074506,0.013196,5.680565,0.150923,6.203005,0.004086,6.717012,0.169973
31200,4.786334,0.046260,5.008786,0.009960,5.579288,0.169279,6.027135,0.003665,6.666871,0.221267
31210,4.835504,0.048977,5.171719,0.012349,5.714494,0.125043,6.197764,0.004512,6.656867,0.296685
31220,5.115510,0.036661,5.745614,0.084481,5.986483,0.046237,6.677712,0.006823,6.859784,0.329499
31230,5.047417,0.026883,5.676210,0.092499,5.977074,0.016927,6.653264,0.421147,6.698448,0.062025
31240,5.069889,0.025916,5.487875,0.011285,5.837872,0.062576,6.454178,0.039567,6.605967,0.245655
31250,5.126800,0.023795,5.307086,0.020712,5.777287,0.155815,6.296814,0.004975,6.608827,0.114558
31260,5.074645,0.027379,5.541357,0.002263,5.921547,0.035164,6.542677,0.098866,6.652076,0.121394
31270,5.029122,0.031701,5.435164,0.005947,5.811641,0.114409,6.472421,0.003526,6.771598,0.251728
31280,4.798817,0.039806,4.996060,0.014162,5.534658,0.170252,6.027970,0.005487,6.674607,0.145601
31290,5.032743,0.030821,5.500071,0.007202,5.897413,0.075362,6.613091,0.089819,6.758417,0.357462
31300,5.177865,0.020539,5.587274,0.040466,5.958881,0.071063,6.687366,0.216063,6.767832,0.239814
31310,5.084128,0.022689,5.557381,0.053819,5.825441,0.089208,6.618521,0.043507,6.669153,0.315298
31320,5.070541,0.031117,5.552430,0.003723,5.911319,0.056161,6.568394,0.068494,6.706271,0.288921
31330,5.084688,0.033866,5.342915,0.007806,5.796250,0.146972,6.425039,0.004400,6.837446,0.102045
31340,5.052569,0.037993,5.428422,0.003846,5.776557,0.130755,6.513030,0.007765,6.867162,0.465382
31350,5.004335,0.031281,5.715037,0.024592,5.806479,0.060983,6.749197,0.602132,6.773920,0.271075
31360,5.159523,0.021835,5.776422,0.111134,5.944028,0.013779,6.762692,0.290126,6.858842,0.073898
31370,5.292842,0.022818,5.939054,0.082735,5.988009,0.018905,6.836289,0.366098,6.963348,0.496459
31380,4.954790,0.034942,5.634043,0.007167,5.756715,0.076928,6.663219,0.419033,6.710528,0.341597
31390,5.030597,0.044436,5.605500,0.056271,5.725216,0.113299,6.622206,0.006210,6.978892,0.305771
31400,5.011679,0.041609,5.852085,0.016777,5.938668,0.047198,6.777309,0.487465,6.862340,0.163617
31410,4.893430,0.042199,5.398392,0.001863,5.685636,0.144595,6.482481,0.005024,6.794243,0.322639
31420,5.179826,0.031808,5.425351,0.003911,5.897329,0.145759,6.402087,0.007052,6.913725,0.195338
31430,5.008969,0.038253,5.561726,0.003004,5.893498,0.048388,6.575666,0.014532,6.692868,0.243328
31440,4.991916,0.037247,5.567818,0.018064,5.749366,0.114408,6.427745,0.004016,6.818206,0.343653
31450,4.953334,0.050782,5.224072,0.001739,5.771387,0.144900,6.217610,0.003204,6.883645,0.069636
31460,5.110265,0.038755,5.586914,0.002238,5.988060,0.051694,6.521079,0.006990,6.745964,0.058667
31470,5.095611,0.024995,5.604104,0.155460,5.700566,0.010507,6.603852,0.017857,6.745860,0.343522
31480,5.055376,0.027849,5.728878,0.006499,5.853266,0.050794,6.637576,0.343314,6.701819,0.214224
31490,5.202267,0.031257,5.460036,0.003449,5.933519,0.129609,6.370293,0.003489,6.704583,0.052714
31500,5.124884,0.029930,5.543020,0.008793,5.830361,0.113507,6.350441,0.005750,6.742493,0.295677
31510,4.843925,0.042753,5.357779,0.005647,5.693240,0.096551,6.341357,0.003620,6.644410,0.459595
31520,5.050936,0.037461,5.452626,0.003791,5.781868,0.136381,6.288337,0.009768,6.864754,0.416513
31530,5.024530,0.033295,5.318607,0.004135,5.686823,0.149377,6.260337,0.010717,6.689215,0.052943
31540,5.011620,0.030810,5.494958,0.002468,5.857551,0.018417,6.425786,0.075846,6.563996,0.011401
31550,5.073677,0.034410,5.322023,0.003508,5.565757,0.212621,6.191336,0.005864,6.800903,0.297690
31560,4.822918,0.042917,5.305554,0.001306,5.676894,0.082736,6.295455,0.011115,6.564119,0.601725
31570,5.095057,0.034031,5.454469,0.003315,5.832579,0.121976,6.323756,0.003339,6.728504,0.052804
31580,5.097413,0.039249,5.530747,0.002715,5.871132,0.096906,6.331957,0.002906,6.725349,0.114088
31590,4.958496,0.036991,5.532746,0.002065,5.687284,0.128619,6.464968,0.003825,6.773465,0.355732
31600,4.929959,0.033141,5.428302,0.001558,5.717239,0.066653,6.371775,0.011842,6.587696,0.488927
31610,5.151325,0.019921,5.270425,0.014988,5.757818,0.156265,6.157872,0.003104,6.563428,0.040908
31620,5.132081,0.032771,5.410192,0.003514,5.940350,0.012939,6.339406,0.016390,6.456342,0.018338
31630,4.905837,0.037260,5.247526,0.004053,5.531140,0.155120,6.060199,0.000552,6.624382,0.049363
31650,5.139364,0.036686,5.516360,0.001910,5.898499,0.093869,6.394087,0.000803,6.691283,0.043256
31640,4.909566,0.044979,5.416715,0.000241,5.731255,0.067659,6.265829,0.002186,6.654841,0.225906
31660,4.859521,0.041583,5.393125,0.000727,5.653365,0.081479,6.185826,0.000960,6.504748,0.193687
31670,5.002437,0.034585,5.551711,0.024633,5.654615,0.118534,6.331241,0.002207,6.718019,0.290188
31680,4.958403,0.040615,5.620231,0.000537,5.857413,0.025113,6.384026,0.021800,6.640144,0.023404
31690,5.045239,0.038601,5.317358,0.005417,5.645802,0.169854,6.099433,0.006804,6.715175,0.026280
31700,4.835074,0.049206,5.428564,0.008306,5.746530,0.051811,6.328579,0.003087,6.615116,0.587579
31710,4.822236,0.047987,5.170327,0.009257,5.544984,0.151711,5.950479,0.000018,6.567741,0.029450
31720,5.046075,0.039667,5.438486,0.001360,5.752603,0.107156,6.115437,0.000861,6.615973,0.053545
31730,5.015921,0.035745,5.578545,0.009094,5.825673,0.067498,6.353604,0.003187,6.612128,0.171072
31740,4.902381,0.052374,5.460697,0.010431,5.723454,0.113713,6.203387,0.000500,6.676845,0.263370
31750,4.878212,0.047939,5.181285,0.008003,5.562610,0.162524,6.038749,0.000335,6.662625,0.080012
31760,4.835418,0.046213,5.398566,0.001297,5.755721,0.032290,6.313718,0.013859,6.576654,0.271706
31770,5.060299,0.040516,5.342715,0.001858,5.614367,0.194127,6.147393,0.006590,6.635776,0.009574
31780,4.828476,0.048952,5.424935,0.002124,5.688365,0.090802,6.267376,0.004593,6.649696,0.550184
31800,4.851324,0.056506,5.474399,0.041826,5.500806,0.128960,6.215165,0.012891,6.713962,0.104768
31790,4.701182,0.045319,5.293591,0.008716,5.435685,0.149197,6.113005,0.001853,6.570465,0.253179
31810,4.811633,0.047589,5.463585,0.012788,5.680374,0.089929,6.305760,0.016612,6.669702,0.487894
31820,4.861831,0.051364,5.354693,0.010439,5.617190,0.115785,6.174104,0.003054,6.652294,0.024706
31830,4.835803,0.045821,5.255239,0.021275,5.507191,0.145717,6.014503,0.001082,6.510171,0.013550
31840,4.895960,0.049385,5.632394,0.013432,5.800901,0.029537,6.503218,0.101286,6.638925,0.487967
31850,5.180315,0.031801,5.795535,0.071620,5.871105,0.074280,6.571059,0.004620,6.859191,0.287038
31860,4.882770,0.049266,5.575143,0.017462,5.708026,0.046779,6.383751,0.005839,6.647831,0.558372
31870,4.909148,0.036552,5.545304,0.072677,5.779839,0.052782,6.428349,0.009126,6.675033,0.247131
31880,4.794646,0.058966,5.301764,0.043406,5.638562,0.114640,6.151597,0.000841,6.616499,0.073096
31890,4.802094,0.044505,5.325157,0.038252,5.744524,0.102447,6.128927,0.001604,6.609573,0.039097
31900,4.750575,0.054980,5.403010,0.044978,5.638664,0.092531,6.173278,0.001273,6.613753,0.088532
31910,4.737393,0.047253,5.393741,0.148911,5.540093,0.006905,6.157257,0.001354,6.519865,0.086526
31920,4.968968,0.044003,5.552672,0.016014,5.714373,0.080482,6.334307,0.012381,6.600233,0.114023
31930,4.955419,0.038073,5.568751,0.049816,5.732252,0.049858,6.327845,0.007409,6.581600,0.019262
31940,4.795721,0.050850,5.296728,0.078773,5.565160,0.061428,6.207440,0.004629,6.490174,0.015223
31950,4.753585,0.043810,5.441616,0.043895,5.727745,0.054326,6.291408,0.007965,6.583282,0.225391
31960,4.766307,0.056498,5.142931,0.024183,5.500433,0.145407,5.948141,0.005432,6.293327,0.004468
31970,4.940846,0.032611,5.473813,0.039708,5.724488,0.080727,6.271340,0.011611,6.570567,0.148785
31980,4.950838,0.039329,5.403179,0.037799,5.672483,0.061361,6.176117,0.006884,6.470524,0.143156
31990,4.898250,0.032926,5.359861,0.043582,5.631104,0.078212,6.015150,0.006909,6.359609,0.044982
32000,4.984109,0.040245,5.464229,0.063323,5.724298,0.076523,6.167742,0.002690,6.443740,0.056239
32010,4.772825,0.044754,5.424308,0.055707,5.785532,0.029343,6.165886,0.009957,6.393886,0.022644
32020,4.777065,0.046713,5.167620,0.198247,5.507695,0.039516,6.102448,0.003388,6.267227,0.008096
32030,4.650670,0.042318,5.513891,0.081930,5.719486,0.002878,6.301149,0.054054,6.430072,0.544052
32040,4.911045,0.033901,5.519034,0.183868,5.671302,0.003750,6.328730,0.004551,6.462883,0.015255
32050,5.087422,0.031719,5.734754,0.097047,5.854969,0.025911,6.472217,0.015757,6.615360,0.041686
32060,4.824682,0.039138,5.436444,0.076887,5.703032,0.018620,6.216409,0.009635,6.432451,0.123365
32070,4.794874,0.038360,5.333733,0.086158,5.641237,0.035655,6.211054,0.013925,6.402416,0.016107
32080,5.002999,0.041913,5.434948,0.136378,5.585799,0.041258,6.175624,0.009008,6.381526,0.012969
32090,4.788575,0.034427,5.561506,0.051048,5.590127,0.009439,6.142776,0.033907,6.294254,0.143938
32100,4.913266,0.036949,5.345822,0.189172,5.473936,0.020967,6.045263,0.006213,6.211921,0.012504
32110,4.925352,0.030232,5.683889,0.031126,5.790971,0.007138,6.286641,0.047297,6.432820,0.015756
32120,5.075682,0.029286,5.533373,0.080877,5.737188,0.066970,6.217431,0.009383,6.440193,0.036860
32130,4.798537,0.037631,5.389862,0.068669,5.656781,0.034149,6.185140,0.009554,6.307463,0.072418
32140,4.842266,0.041036,5.369134,0.080599,5.648903,0.065599,6.116357,0.007995,6.336113,0.013444
32150,4.906477,0.035709,5.564895,0.053852,5.763236,0.040096,6.249903,0.010843,6.440476,0.030820
32160,4.831151,0.039152,5.365346,0.075944,5.405057,0.127238,5.991240,0.013817,6.181727,0.000327
32170,4.876374,0.032476,5.696435,0.056530,5.785857,0.002733,6.372690,0.055083,6.455950,0.346156
32180,4.799682,0.048180,5.286486,0.206935,5.409461,0.005881,6.061990,0.013951,6.233638,0.002712
32190,4.576336,0.044331,5.381548,0.106731,5.501540,0.019860,6.097635,0.012306,6.296628,0.037952
32200,4.793723,0.052676,5.385181,0.065524,5.612944,0.076730,6.155469,0.009381,6.288926,0.007126
32210,4.895427,0.038669,5.612704,0.115461,5.696512,0.020809,6.346448,0.006531,6.426078,0.001879
32220,4.868208,0.029896,5.372743,0.155415,5.866645,0.005618,6.455508,0.189977,6.478953,0.096920
32230,5.052669,0.018525,5.740025,0.030929,6.183152,0.015032,6.446382,0.222778,6.483369,0.481375
32240,5.221675,0.032225,5.649060,0.171090,5.714839,0.004197,6.357966,0.014945,6.408087,0.009271
32250,4.817828,0.034588,5.634960,0.053809,5.751928,0.009717,6.351256,0.083433,6.389010,0.039641
32260,4.755179,0.050958,5.305462,0.158802,5.500776,0.030751,6.140297,0.006497,6.190072,0.007898
32270,4.814452,0.040376,5.494042,0.117526,5.617931,0.028053,6.247098,0.008187,6.417228,0.005428
32280,4.940330,0.037240,5.637501,0.100519,5.719680,0.035863,6.343585,0.003310,6.378227,0.012549
32290,4.837922,0.028402,5.602346,0.084739,5.793971,0.003306,6.390073,0.123406,6.418558,0.160316
32300,5.039637,0.027535,5.433985,0.201953,5.744534,0.003292,6.330778,0.006451,6.403543,0.015435
32310,5.025112,0.023599,5.743716,0.033293,6.080197,0.006517,6.429498,0.395022,6.491344,0.147634
32320,4.996002,0.029163,5.346226,0.149048,5.757038,0.024191,6.277691,0.009501,6.345423,0.020648
32330,4.923814,0.037852,5.482600,0.078432,5.849210,0.023754,6.284170,0.009306,6.299124,0.003316
32340,4.758839,0.045336,5.372115,0.083695,5.553078,0.087250,5.982148,0.005311,6.090846,0.006201
32350,4.664634,0.044267,5.430802,0.126067,5.448860,0.038371,5.935226,0.000445,6.128282,0.006585
32360,4.813602,0.045371,5.404313,0.004415,5.521547,0.173233,5.935325,0.004347,6.075912,0.007580
32370,4.660448,0.049294,5.308205,0.017568,5.517586,0.082460,5.821588,0.010886,6.043088,0.006080
32380,4.698266,0.048469,5.120330,0.133535,5.372905,0.065504,5.737933,0.013607,5.894193,0.011158
32390,4.760247,0.038674,5.366921,0.066166,5.735118,0.014142,6.086318,0.004819,6.168842,0.008232
32400,5.177395,0.024337,5.566026,0.118820,5.822407,0.038668,6.252008,0.015047,6.349002,0.006778
32410,4.984067,0.018275,5.492501,0.097587,5.836963,0.007924,6.206416,0.008451,6.326424,0.115974
32420,5.039600,0.018004,5.566026,0.098836,5.912610,0.005244,6.283980,0.010726,6.428507,0.171229
32430,5.115989,0.025160,5.581477,0.124880,5.756582,0.021013,6.186239,0.007357,6.322865,0.006387
32440,4.869963,0.039702,5.461688,0.045186,5.674555,0.057396,5.979750,0.006642,6.150437,0.003441
32450,4.799960,0.040890,5.357144,0.057587,5.624033,0.047274,5.896811,0.010042,6.153361,0.002946
32460,4.856245,0.042455,5.311124,0.094574,5.541129,0.064667,5.863127,0.011655,6.122012,0.007749
32470,4.882363,0.034344,5.506242,0.050475,5.657375,0.062642,5.978582,0.001937,6.207131,0.001581
32480,4.969117,0.028068,5.582779,0.036214,5.694319,0.072217,6.035473,0.001896,6.267496,0.002281
32490,4.984860,0.031566,5.459717,0.102650,5.578716,0.059425,5.910948,0.010684,6.167779,0.006256
32500,4.747118,0.041632,5.345122,0.015570,5.602151,0.050484,5.840594,0.005682,6.143755,0.006368
32510,4.809348,0.039938,5.092208,0.033141,5.345995,0.110673,5.573236,0.034543,5.837494,0.016039
32520,5.005384,0.030643,5.353094,0.039132,5.668304,0.054992,5.918930,0.013679,6.163311,0.003180
32530,5.271160,0.011059,5.791107,0.054591,6.077797,0.012966,6.360608,0.003777,6.602690,0.145813
32540,5.016676,0.015266,5.523341,0.071789,5.859643,0.015243,6.154559,0.005528,6.411359,0.211441
32550,5.079554,0.025733,5.461855,0.083110,5.612039,0.079433,5.887197,0.023750,6.229505,0.001228
32560,4.867714,0.036248,5.447738,0.006190,5.740278,0.033064,5.934296,0.002108,6.233941,0.010349
32570,4.821869,0.049569,5.223202,0.064276,5.419497,0.124234,5.669744,0.004654,5.952559,0.005275
32580,4.868288,0.033127,5.494491,0.038562,5.798076,0.011882,6.036691,0.005574,6.335802,0.068457
32590,5.083828,0.022655,5.481454,0.068530,5.731972,0.063227,6.000418,0.004299,6.401429,0.018998
32600,5.129537,0.014838,5.698256,0.026737,5.783501,0.039873,6.185739,0.003754,6.403034,0.070240
32610,5.000923,0.029010,5.497992,0.015241,5.661186,0.112271,5.896465,0.004132,6.315652,0.005847
32620,4.753198,0.036211,5.313215,0.026298,5.584801,0.062645,5.781124,0.001879,6.121314,0.005106
32630,4.972969,0.038301,5.186320,0.042452,5.565716,0.131677,5.702070,0.018902,6.052586,0.005088
32640,4.869503,0.036773,5.501912,0.009273,5.786446,0.008320,6.005214,0.002903,6.296191,0.087471
32650,4.986807,0.031439,5.286866,0.071504,5.519197,0.104562,5.756723,0.026535,6.031186,0.003137
32660,5.009251,0.023013,5.649768,0.027768,5.797393,0.020179,6.107704,0.001792,6.403616,0.031834
32670,5.081484,0.025454,5.505498,0.007141,5.752630,0.063764,6.020154,0.007060,6.326628,0.013383
32680,5.135274,0.023431,5.600064,0.009345,5.726558,0.095677,6.068793,0.011029,6.348976,0.005087
